256,1968,586,0,256,128.51327165892954,1.81799405322,car-10,min_length
280,1968,586,0,280,128.51327165892954,1.83227842735,car-124,max_speed
298,2241,1096,0,298,190.94018772172768,1.84564276064,car-141,max_speed
323,802,1096,0,323,201.19468952244802,1.86452284099,car-105,balanced
325,2332,cluster_281_283,0,325,163.53381754478067,1.4471653576,car-120,min_length
327,2332,cluster_281_283,0,327,163.53381754478067,1.66255101012,car-161,min_length
333,820,42,0,333,244.3581458704401,2.06379350973,car-750,max_speed
349,1968,586,0,349,128.51327165892954,2.46893468425,car-212,max_speed
364,1968,579,0,364,134.2094559641851,2.41870624639,car-26,balanced
365,1968,586,0,365,128.51327165892954,2.46486912989,car-310,min_length
366,1955,592,0,366,136.84556337959188,2.46435049278,car-65,max_speed
366,2332,231,0,366,194.02361346314802,2.48165319416,car-168,min_length
369,1968,592,0,369,128.86676337959187,2.5537299181,car-49,balanced
371,1968,586,0,371,128.51327165892954,2.56782817634,car-209,max_speed
376,1968,573,0,376,140.90276049982228,2.4681868991,car-251,max_speed
377,1964,592,0,377,130.3865617957186,2.28295010263,car-320,min_length
377,1968,579,0,377,134.2094559641851,2.54351404609,car-344,min_length
380,1968,586,0,380,128.51327165892954,2.58323730702,car-282,max_speed
385,2332,327,0,385,172.3291826530612,2.04823908452,car-229,min_length
385,1968,579,0,385,134.2094559641851,2.62177854523,car-475,max_speed
390,1964,592,0,390,130.3865617957186,2.43857296842,car-199,max_speed
391,1968,573,0,391,140.90276049982228,2.59431659029,car-220,max_speed
391,cluster_2272_2274,327,0,391,189.2546788484425,2.58118756703,car-238,balanced
393,1968,579,0,393,134.2094559641851,2.23535666584,car-487,max_speed
400,1968,579,0,400,134.2094559641851,2.48033821489,car-479,min_length
401,1968,573,0,401,140.90276049982228,2.38749161675,car-403,balanced
403,1951,573,0,403,172.62423958821793,2.22117293065,car-221,max_speed
403,1964,592,0,403,130.3865617957186,2.49896570893,car-323,min_length
406,1951,573,0,406,172.62423958821793,2.52213788564,car-249,balanced
407,cluster_2272_2274,cluster_281_283,0,407,180.45931374016195,2.16135926386,car-202,balanced
408,1968,573,0,408,140.90276049982228,2.35996150342,car-496,balanced
409,1951,573,0,409,172.62423958821793,2.17786442822,car-57,max_speed
411,1951,573,0,411,172.62423958821793,2.15391640656,car-233,max_speed
414,cluster_794_797,1096,0,414,209.2237888511644,2.16444900512,car-13,balanced
416,1964,573,0,416,142.422558915949,2.38003076477,car-377,max_speed
420,2241,41,0,420,247.37524986753633,2.02626758933,car-94,max_speed
434,cluster_2405_2415,376,0,434,263.89724607636373,2.24046513878,car-19,balanced
434,2359,cluster_281_283,0,434,175.89781754478065,2.39594591321,car-32,max_speed
435,1951,586,0,435,160.2347507473252,2.44029647694,car-121,balanced
446,cluster_2272_2274,231,0,446,210.9491096585293,2.07331839714,car-193,max_speed
448,1871,573,0,448,161.08863465388995,2.45173199132,car-51,max_speed
451,cluster_2272_2274,234,0,451,221.55895359610432,2.15297130731,car-33,max_speed
453,1898,573,0,453,166.91872824640257,2.4959413351,car-12,max_speed
453,1968,592,0,453,128.86676337959187,2.03299724457,car-924,balanced
454,cluster_2405_2415,376,0,454,263.89724607636373,2.50712734226,car-369,balanced
454,1968,573,0,454,140.90276049982228,2.42249766996,car-592,min_length
458,1951,579,0,458,165.93093505258076,2.54132921432,car-158,min_length
459,1951,586,0,459,160.2347507473252,2.72926251903,car-267,balanced
465,1955,592,0,465,136.84556337959188,2.67617866613,car-306,max_speed
467,820,880,0,467,254.76864441110905,2.78896373276,car-247,max_speed
467,1964,586,0,467,130.03307007505626,2.70467531208,car-412,balanced
468,1951,579,0,468,165.93093505258076,2.06733812586,car-372,max_speed
470,1968,573,0,470,140.90276049982228,3.02508023481,car-784,max_speed
473,1968,592,0,473,128.86676337959187,2.94661872818,car-679,max_speed
474,1955,586,0,474,136.49207165892955,2.78613175822,car-492,min_length
476,1968,579,0,476,134.2094559641851,3.09460616611,car-526,max_speed
477,2332,327,0,477,172.3291826530612,2.72126030239,car-278,min_length
479,2359,327,0,479,184.6931826530612,2.22204378336,car-43,min_length
481,2363,376,0,481,234.30043116801792,3.06669678577,car-4,max_speed
485,1955,592,0,485,136.84556337959188,3.0539971365,car-307,balanced
486,2359,234,0,486,216.99745740072302,3.14976007569,car-48,balanced
486,1955,573,0,486,148.88156049982229,2.9431570754,car-133,balanced
487,846,916,0,487,234.46963138948885,3.02291538327,car-302,balanced
488,1955,579,0,488,142.18825596418512,3.14883440753,car-226,balanced
492,849,916,0,492,233.09094168466524,3.03242035354,car-143,max_speed
496,1968,573,0,496,140.90276049982228,3.10866331888,car-888,max_speed
497,1955,573,0,497,148.88156049982229,3.02864296556,car-497,balanced
500,1968,573,0,500,140.90276049982228,3.06364256409,car-810,max_speed
502,1955,573,0,502,148.88156049982229,3.08359818066,car-211,balanced
504,1955,573,0,504,148.88156049982229,2.78730587282,car-235,min_length
506,1955,573,0,506,148.88156049982229,2.59070516228,car-534,min_length
509,cluster_794_797,1096,0,509,209.2237888511644,2.7676279132,car-20,balanced
509,843,42,0,509,249.39783593264517,2.88697136662,car-321,balanced
516,843,885,0,516,253.12045932325412,3.02695661536,car-359,balanced
526,2363,378,0,526,227.85265205637327,2.43726106071,car-11,min_length
527,1955,586,0,527,136.49207165892955,2.56085006439,car-760,min_length
528,2332,378,0,528,213.58368445378147,2.41879878569,car-334,balanced
530,2332,271,0,530,187.69664175227348,2.75671475779,car-252,min_length
532,622,885,0,532,241.22989056875446,2.23379044481,car-652,min_length
534,818,30,0,534,234.79440154548618,2.30864289076,car-697,balanced
537,2353,231,0,537,212.6338337655238,2.36312114745,car-6,min_length
541,1951,579,0,541,165.93093505258076,2.65131368931,car-638,balanced
545,1951,586,0,545,160.2347507473252,3.05181710819,car-651,balanced
546,1951,573,0,546,172.62423958821793,2.61758119197,car-578,balanced
547,1955,586,0,547,136.49207165892955,3.16674875922,car-587,min_length
549,1988,586,0,549,180.13657085974168,2.36802220183,car-83,balanced
550,cluster_2405_2415,231,0,550,237.8893959740856,2.80649267714,car-623,balanced
550,1951,586,0,550,160.2347507473252,2.8507649129,car-676,balanced
552,1955,579,0,552,142.18825596418512,2.63525140319,car-379,min_length
554,1955,586,0,554,136.49207165892955,3.51856890129,car-852,balanced
557,1951,586,0,557,160.2347507473252,3.01313118633,car-806,balanced
559,2353,231,0,559,212.6338337655238,3.18160653891,car-34,max_speed
561,cluster_2405_2415,307,0,561,244.1509311357007,2.69076091525,car-674,max_speed
562,846,885,0,562,259.0585442764579,2.9411650629,car-241,max_speed
563,2308,307,0,563,250.91766979660778,2.38447968427,car-99,max_speed
563,1951,579,0,563,165.93093505258076,2.60183498997,car-634,min_length
565,2359,327,0,565,184.6931826530612,2.66006433924,car-96,balanced
566,2241,885,0,566,231.56005813209484,2.815867724,car-490,max_speed
566,1951,586,0,566,160.2347507473252,3.24460077001,car-883,min_length
567,1955,573,0,567,148.88156049982229,2.85442233564,car-566,min_length
569,1894,586,0,569,156.69062269081243,3.01196523756,car-108,max_speed
572,1951,573,0,572,172.62423958821793,3.28592351802,car-763,min_length
574,1894,586,0,574,156.69062269081243,2.43006901788,car-198,balanced
574,1964,573,0,574,142.422558915949,3.36949501454,car-421,max_speed
574,1951,579,0,574,165.93093505258076,2.71324326666,car-773,max_speed
580,1894,579,0,580,162.386806996068,2.32272026466,car-137,balanced
581,1951,573,0,581,172.62423958821793,3.01495633925,car-776,max_speed
584,1894,573,0,584,169.08011153170517,3.24732785779,car-76,max_speed
584,1894,579,0,584,162.386806996068,3.16146195447,car-138,balanced
593,1951,573,0,593,172.62423958821793,3.18870254308,car-928,balanced
595,843,885,0,595,253.12045932325412,3.05182043423,car-169,balanced
597,804,21,0,597,309.1205639759011,3.12892770318,car-493,balanced
600,2353,cluster_281_283,0,600,182.14403784715645,3.0753742557,car-207,max_speed
602,cluster_2405_2415,cluster_281_283,0,602,207.39960005571825,3.00870507905,car-60,max_speed
603,cluster_691_696,885,0,603,262.27864465403917,3.08192209261,car-100,min_length
607,849,885,0,607,257.6798545716343,2.64719426473,car-178,balanced
610,846,42,0,610,255.33592088584894,2.4742671104,car-157,balanced
614,843,880,0,614,259.8083344733142,2.3414108836,car-365,balanced
619,804,30,0,619,244.2983612287115,2.80076224711,car-0,balanced
632,760,21,0,632,297.7935407627383,2.23317866945,car-103,max_speed
639,cluster_2272_2274,378,0,639,230.50918064916277,2.62566187248,car-301,balanced
642,622,30,0,642,216.9671115910727,2.57890308762,car-351,min_length
642,1964,586,0,642,130.03307007505626,3.37023985304,car-441,max_speed
643,802,42,0,643,238.09193654220624,2.54427097592,car-527,balanced
643,2241,885,0,643,231.56005813209484,3.24293743414,car-817,max_speed
644,cluster_2272_2274,231,0,644,210.9491096585293,2.96035308566,car-489,max_speed
644,1964,586,0,644,130.03307007505626,2.90909139344,car-770,balanced
646,cluster_2405_2415,231,0,646,237.8893959740856,2.76708672683,car-246,max_speed
647,1891,573,0,647,169.02024012545226,2.74061003183,car-5,max_speed
647,cluster_2405_2415,234,0,647,248.49923991166062,3.74370580632,car-607,balanced
647,1964,592,0,647,130.3865617957186,3.14287032096,car-780,balanced
648,1955,573,0,648,148.88156049982229,3.7121287293,car-990,balanced
649,2353,271,0,649,206.30686205464926,2.8342707177,car-8,min_length
650,1871,586,0,650,148.69914581299722,3.47505168216,car-56,balanced
650,1951,579,0,650,165.93093505258076,2.7710259384,car-778,balanced
652,1955,586,0,652,136.49207165892955,3.11355911732,car-827,balanced
653,1951,579,0,653,165.93093505258076,3.53378130593,car-952,max_speed
654,1894,579,0,654,162.386806996068,2.96726196118,car-442,balanced
655,622,21,0,655,281.7893143382623,3.71643462324,car-772,balanced
657,843,916,0,657,228.53154643628508,2.82348674088,car-395,balanced
659,1955,586,0,659,136.49207165892955,4.16516448598,car-984,balanced
662,1988,586,0,662,180.13657085974168,3.35777508716,car-523,balanced
664,1894,579,0,664,162.386806996068,3.70327890232,car-274,balanced
664,cluster_2405_2415,231,0,664,237.8893959740856,3.5149980976,car-569,max_speed
670,1988,573,0,670,192.52605970063442,3.01588082885,car-127,balanced
670,758,30,0,670,231.5026555101491,3.92531581883,car-659,balanced
672,cluster_691_696,30,0,672,238.0158656763574,3.93252631797,car-81,min_length
672,1964,573,0,672,142.422558915949,3.53901385575,car-912,max_speed
674,1951,573,0,674,172.62423958821793,3.37029756821,car-969,max_speed
677,1894,592,0,677,157.04411441147477,3.78488111709,car-483,max_speed
678,1988,586,0,678,180.13657085974168,3.65002671403,car-294,min_length
678,1894,592,0,678,157.04411441147477,3.85371109151,car-797,max_speed
678,1964,573,0,678,142.422558915949,3.69545129218,car-863,max_speed
679,1964,586,0,679,130.03307007505626,4.23064360653,car-728,min_length
684,2359,327,0,684,184.6931826530612,3.72194385832,car-200,min_length
686,1894,586,0,686,156.69062269081243,3.8449816847,car-726,max_speed
688,1871,586,0,688,148.69914581299722,3.71478214922,car-135,balanced
691,2308,327,0,691,222.9617038249059,3.33381943714,car-498,max_speed
693,849,42,0,693,253.95723118102532,2.59352482587,car-185,balanced
693,1988,573,0,693,192.52605970063442,2.7128758368,car-312,balanced
697,1894,573,0,697,169.08011153170517,2.98029871056,car-466,max_speed
699,1964,573,0,699,142.422558915949,2.84842216907,car-919,balanced
711,2332,307,0,711,200.2851486247631,2.98654944096,car-355,min_length
712,2353,231,0,712,212.6338337655238,3.10144395033,car-52,min_length
713,804,30,0,713,244.2983612287115,3.26908009426,car-77,balanced
716,758,41,0,716,271.58062622327236,3.58895144559,car-197,max_speed
716,2332,271,0,716,187.69664175227348,4.41321230188,car-364,min_length
718,2294,271,0,718,259.27394083528264,3.74613336598,car-647,max_speed
718,846,41,0,718,274.8737360118994,3.31599553245,car-907,max_speed
719,1894,586,0,719,156.69062269081243,3.82219101569,car-872,max_speed
721,cluster_2405_2415,cluster_281_283,0,721,207.39960005571825,3.87410235475,car-464,balanced
722,cluster_794_797,916,0,722,225.2547463745625,2.97592191919,car-64,balanced
722,1988,586,0,722,180.13657085974168,3.12169584147,car-717,min_length
724,1964,586,0,724,130.03307007505626,3.43535698235,car-940,max_speed
726,1871,586,0,726,148.69914581299722,3.40145615441,car-159,balanced
734,1988,573,0,734,192.52605970063442,3.51606957254,car-547,min_length
735,1988,586,0,735,180.13657085974168,3.71940021286,car-790,min_length
737,1988,586,0,737,180.13657085974168,3.53153168987,car-678,min_length
739,1988,586,0,739,180.13657085974168,3.44877588944,car-804,min_length
743,1964,592,0,743,130.3865617957186,3.49657505705,car-946,min_length
746,1968,586,1,380,128.51327165892954,2.94914641499,car-65,max_speed
748,1891,579,0,748,162.3269355898151,3.98333541239,car-22,balanced
748,1894,586,0,748,156.69062269081243,4.1001988916,car-988,max_speed
752,1894,573,0,752,169.08011153170517,4.20992552463,car-859,balanced
754,1894,586,0,754,156.69062269081243,4.03520391069,car-992,balanced
757,846,30,0,757,234.79576529877613,3.77656743991,car-688,max_speed
758,1898,586,0,758,154.52923940550983,4.30671962506,car-24,balanced
759,2298,327,0,759,238.62211400694395,3.72615272593,car-164,balanced
759,843,30,0,759,228.85768034557236,4.08013026704,car-703,balanced
760,1871,573,0,760,161.08863465388995,3.65358951175,car-146,balanced
760,cluster_2405_2415,307,0,760,244.1509311357007,2.84929345328,car-896,max_speed
761,776,30,0,761,238.86478653966674,3.62246130734,car-331,max_speed
762,1955,573,1,397,148.88156049982229,2.86945120642,car-310,min_length
763,802,1096,0,763,201.19468952244802,3.06865092221,car-47,min_length
763,1898,579,0,763,160.2254237107654,4.42727408613,car-70,balanced
765,cluster_2272_2274,231,0,765,210.9491096585293,4.15825663413,car-260,balanced
766,1898,573,0,766,166.91872824640257,3.55777423134,car-153,max_speed
767,cluster_2405_2415,231,0,767,237.8893959740856,3.75628771872,car-711,balanced
769,2294,231,0,769,265.6009125461572,3.79405750228,car-28,balanced
772,1898,573,0,772,166.91872824640257,4.08173015005,car-79,balanced
774,cluster_2405_2415,327,0,774,216.1949651639988,4.17470964534,car-35,min_length
775,818,21,0,775,299.6166042926758,3.36806767977,car-84,min_length
776,2353,231,0,776,212.6338337655238,3.43026075282,car-257,min_length
796,2353,231,0,796,212.6338337655238,4.32005789888,car-340,min_length
797,2294,378,0,797,285.1609835367907,3.56386418394,car-45,balanced
798,1871,586,0,798,148.69914581299722,3.5434307724,car-15,min_length
802,760,41,0,802,273.0493087286719,2.90682029804,car-612,max_speed
803,2294,234,0,803,276.2107564837322,3.39034756479,car-635,balanced
803,1988,592,0,803,180.49006258040401,3.5483544061,car-934,min_length
805,2298,231,0,805,260.3165448170308,3.29981031083,car-468,balanced
806,2332,376,0,806,220.03146356542612,4.34345090207,car-443,balanced
811,1898,592,0,811,154.88273112617216,3.84769318834,car-264,balanced
812,1988,573,0,812,192.52605970063442,3.93576624539,car-826,balanced
816,1898,579,0,816,160.2254237107654,3.8065003727,car-107,balanced
817,1886,573,0,817,171.1023135595775,4.20276414121,car-55,max_speed
819,1898,573,0,819,166.91872824640257,3.28833938424,car-129,balanced
821,1898,573,0,821,166.91872824640257,4.42402147101,car-244,max_speed
822,1898,586,0,822,154.52923940550983,3.65392035252,car-506,max_speed
823,1898,592,0,823,154.88273112617216,4.52294344655,car-440,max_speed
824,1898,586,0,824,154.52923940550983,3.82779756575,car-219,balanced
825,1898,586,0,825,154.52923940550983,4.48503515155,car-171,max_speed
826,661,916,0,826,245.6272987760979,3.43633953882,car-82,min_length
828,812,885,0,828,263.06684140695995,3.64946539849,car-824,balanced
830,1898,586,0,830,154.52923940550983,3.7590964514,car-599,balanced
831,2359,376,0,831,232.39546356542613,3.2713666578,car-191,balanced
831,1988,573,0,831,192.52605970063442,3.38125072686,car-821,balanced
840,1898,573,0,840,166.91872824640257,4.81521110149,car-177,balanced
840,1898,592,0,840,154.88273112617216,4.69827256148,car-348,balanced
841,1898,586,0,841,154.52923940550983,4.83901868948,car-389,max_speed
841,1988,579,0,841,185.83275516499725,4.32819006794,car-955,min_length
842,1886,573,0,842,171.1023135595775,4.7407071372,car-429,max_speed
842,586,42,0,842,238.11356641056685,3.41390895618,car-601,min_length
843,1968,592,1,356,128.86676337959187,4.47337403173,car-302,balanced
847,812,41,0,847,278.8820331424014,3.99146800338,car-89,balanced
847,1898,586,0,847,154.52923940550983,3.5700826925,car-660,balanced
850,1886,592,0,850,159.0663164393471,4.41214949916,car-71,balanced
850,804,885,0,850,268.5611402063933,3.52663697475,car-174,max_speed
851,1951,573,1,417,172.62423958821793,4.42182089378,car-19,balanced
852,1898,592,0,852,154.88273112617216,3.79023063775,car-605,balanced
853,1988,573,0,853,192.52605970063442,4.14611562985,car-449,max_speed
856,1964,579,1,364,135.72925438031183,4.12393585142,car-143,max_speed
866,1898,573,0,866,166.91872824640257,4.21170064087,car-754,max_speed
868,2353,307,0,868,218.8953689271389,3.60664985507,car-258,min_length
870,760,41,0,870,273.0493087286719,3.16136527844,car-215,max_speed
872,579,41,0,872,263.5361907518801,3.19254271017,car-416,balanced
876,2359,cluster_281_283,0,876,175.89781754478065,4.40686597404,car-300,min_length
879,2308,cluster_281_283,0,879,214.16633871662535,3.44595394777,car-3,balanced
884,2294,cluster_281_283,0,884,235.11111662778987,3.29686863708,car-930,max_speed
891,1894,592,0,891,157.04411441147477,4.08445297009,car-67,min_length
893,2353,378,0,893,232.19390475615728,3.9192559764,car-400,min_length
894,cluster_691_696,916,0,894,237.68973176707013,3.21337043703,car-128,min_length
894,802,41,0,894,257.62975166825663,3.07095109185,car-285,min_length
897,cluster_2405_2415,234,0,897,248.49923991166062,4.45944276134,car-281,min_length
898,798,41,0,898,263.7582030488088,3.51977601809,car-69,min_length
899,1898,586,0,899,154.52923940550983,3.39812441589,car-743,max_speed
900,1964,586,1,326,130.03307007505626,3.924086004,car-773,max_speed
904,1955,586,1,367,136.49207165892955,3.85892544579,car-6,min_length
905,1894,573,0,905,169.08011153170517,4.91102148249,car-2,min_length
905,1951,586,1,339,160.2347507473252,3.47974614804,car-883,min_length
906,804,41,0,906,284.3763319418348,3.99818266591,car-361,min_length
907,1964,573,1,373,142.422558915949,3.55153168086,car-697,balanced
908,798,41,0,908,263.7582030488088,3.15910518262,car-256,min_length
909,1898,573,0,909,166.91872824640257,3.56184820361,car-833,max_speed
910,1988,573,1,436,192.52605970063442,3.43478873255,car-492,min_length
910,1964,586,1,336,130.03307007505626,3.42409835121,car-421,max_speed
917,1898,586,0,917,154.52923940550983,3.58876936212,car-788,balanced
919,1964,586,1,374,130.03307007505626,3.89022182139,car-651,balanced
921,2353,378,0,921,232.19390475615728,3.53791465472,car-522,min_length
923,cluster_2405_2415,378,0,923,257.4494669647191,3.72125731656,car-432,min_length
925,2294,378,0,925,285.1609835367907,3.74434385745,car-594,balanced
926,1951,579,1,357,165.93093505258076,4.98609554492,car-108,max_speed
927,2496,30,0,927,264.6647357811375,4.15988334037,car-433,balanced
927,2298,378,0,927,279.8766158076642,3.47071881465,car-700,max_speed
927,1898,573,0,927,166.91872824640257,5.00243447079,car-701,balanced
928,1898,592,0,928,154.88273112617216,3.98166608661,car-911,balanced
930,1988,586,1,433,180.13657085974168,3.70501128763,car-497,balanced
932,1886,586,0,932,158.71282471868477,3.74636299816,car-104,balanced
933,1898,573,0,933,166.91872824640257,4.27597390271,car-839,max_speed
935,1898,579,0,935,160.2254237107654,3.56878361019,car-951,balanced
937,843,21,0,937,293.67988309276194,4.07087594319,car-616,balanced
938,cluster_2272_2274,376,0,938,236.95695976080742,4.13267034962,car-508,max_speed
938,843,1096,0,938,212.50058891288697,4.06292890201,car-712,balanced
938,1898,573,0,938,166.91872824640257,5.07595963721,car-877,max_speed
940,1951,573,1,391,172.62423958821793,3.07008096553,car-83,balanced
942,1898,592,0,942,154.88273112617216,3.35354873967,car-842,max_speed
948,1898,573,0,948,166.91872824640257,4.55289864856,car-925,balanced
952,843,30,0,952,228.85768034557236,4.46221824681,car-552,balanced
959,798,885,0,959,247.94301131336738,3.58492527654,car-50,max_speed
959,760,42,0,959,253.51149360262153,3.33074239572,car-272,max_speed
967,2496,21,0,967,329.48693852832713,3.21879999924,car-7,min_length
971,798,880,0,971,254.6308864634274,3.31940228525,car-861,max_speed
972,2363,378,0,972,227.85265205637327,3.49376663315,car-40,balanced
974,2359,cluster_281_283,0,974,175.89781754478065,3.78551130073,car-480,min_length
975,760,880,0,975,263.92199214329054,4.15012489471,car-725,max_speed
977,2298,cluster_281_283,0,977,229.82674889866342,3.82887428034,car-615,max_speed
981,2495,41,0,981,302.66927236899073,3.41266008354,car-554,max_speed
984,1894,586,0,984,156.69062269081243,3.47514627698,car-173,min_length
988,2353,378,0,988,232.19390475615728,3.51894981471,car-280,balanced
989,1898,586,0,989,154.52923940550983,3.54647989666,car-964,max_speed
993,1894,579,0,993,162.386806996068,3.6490563206,car-196,min_length
993,2294,307,0,993,271.8624477077723,3.44151343406,car-297,balanced
994,2453,885,0,994,297.60858027357807,3.39006632451,car-175,min_length
996,2444,885,0,996,305.3839582433405,3.53384109934,car-291,min_length
997,cluster_794_797,1096,0,997,209.2237888511644,3.94980408692,car-31,min_length
997,cluster_794_797,30,0,997,225.58088028384978,4.27023958704,car-603,balanced
998,1894,573,0,998,169.08011153170517,4.51425783207,car-91,min_length
999,586,885,0,999,241.8361898011758,3.69881859253,car-742,max_speed
1001,1871,573,0,1001,161.08863465388995,4.42004366378,car-166,max_speed
1002,660,30,0,1002,255.0609385517746,3.56498638993,car-386,min_length
1004,cluster_2272_2274,231,0,1004,210.9491096585293,4.35696034484,car-23,min_length
1005,1968,592,1,366,128.86676337959187,3.82271456248,car-301,balanced
1009,1968,586,1,345,128.51327165892954,5.73149064999,car-274,balanced
1012,2294,231,0,1012,265.6009125461572,3.45227594325,car-322,balanced
1013,1898,586,1,578,154.52923940550983,3.60312509608,car-121,balanced
1015,2353,307,0,1015,218.8953689271389,3.69618936269,car-589,max_speed
1016,cluster_794_797,42,0,1016,246.1210358709226,4.44009787911,car-482,balanced
1016,1898,573,0,1016,166.91872824640257,4.39871848141,car-898,max_speed
1018,1964,579,1,344,135.72925438031183,4.17068360853,car-969,max_speed
1019,1951,592,1,365,160.58824246798753,3.46379940622,car-442,balanced
1020,1886,579,0,1020,164.40900902394034,4.08683396522,car-370,balanced
1022,1898,586,0,1022,154.52923940550983,3.70959935314,car-998,balanced
1023,1891,579,0,1023,162.3269355898151,3.69898773552,car-30,max_speed
1026,2294,376,0,1026,291.60876264843534,3.77501169716,car-469,balanced
1027,1886,579,0,1027,164.40900902394034,4.16004209064,car-509,max_speed
1027,1894,586,1,384,156.69062269081243,3.554781257,car-527,balanced
1028,2294,376,0,1028,291.60876264843534,4.40368241548,car-318,max_speed
1028,798,880,0,1028,254.6308864634274,3.96831476815,car-581,balanced
1030,798,880,0,1030,254.6308864634274,4.42027538114,car-764,balanced
1031,1886,586,0,1031,158.71282471868477,4.60933248553,car-328,max_speed
1034,1891,586,0,1034,156.63075128455952,3.57100069379,car-39,max_speed
1036,1988,586,0,1036,180.13657085974168,4.34422353982,car-227,max_speed
1036,1951,573,1,358,172.62423958821793,3.97534033472,car-797,max_speed
1038,cluster_794_797,1096,0,1038,209.2237888511644,5.03917507464,car-644,balanced
1044,1898,573,1,624,166.91872824640257,3.03956601074,car-94,max_speed
1046,1886,573,0,1046,171.1023135595775,4.60374903394,car-273,balanced
1046,843,42,0,1046,249.39783593264517,3.83398614204,car-720,min_length
1048,1871,573,0,1048,161.08863465388995,4.58441460756,car-254,max_speed
1049,cluster_794_797,30,0,1049,225.58088028384978,4.06976564434,car-88,min_length
1056,cluster_794_797,916,0,1056,225.2547463745625,4.19511492702,car-761,balanced
1062,cluster_794_797,916,0,1062,225.2547463745625,3.94163051192,car-795,balanced
1063,cluster_794_797,1096,0,1063,209.2237888511644,3.71252230893,car-869,balanced
1068,818,41,0,1068,274.8723722586094,3.84167806122,car-326,max_speed
1070,1951,586,1,392,160.2347507473252,3.4960057376,car-294,min_length
1072,798,30,0,1072,223.68023233568562,4.20263551261,car-939,balanced
1073,1988,586,0,1073,180.13657085974168,4.05071765922,car-268,max_speed
1075,1871,592,0,1075,149.05263753365955,4.00641659778,car-262,balanced
1075,cluster_2405_2415,378,0,1075,257.4494669647191,3.73016662153,car-947,min_length
1076,1894,573,0,1076,169.08011153170517,3.47901809622,car-148,min_length
1076,cluster_2405_2415,271,0,1076,231.56242426321106,5.01230847139,car-614,min_length
1081,843,885,0,1081,253.12045932325412,3.90757402726,car-495,min_length
1082,2410,231,0,1082,374.60882043451727,4.81698712944,car-36,balanced
1086,2353,271,0,1086,206.30686205464926,3.1647332214,car-626,min_length
1087,2410,231,0,1087,374.60882043451727,5.34513192931,car-68,balanced
1090,1894,579,0,1090,162.386806996068,3.66877146789,car-250,min_length
1091,1964,586,1,375,130.03307007505626,3.30607524865,car-364,min_length
1092,1898,579,1,370,160.2254237107654,3.2558177724,car-64,balanced
1093,579,880,0,1093,254.4088741664986,3.84758694632,car-823,min_length
1095,2467,880,0,1095,368.16549333576364,4.01707851497,car-80,min_length
1096,1894,573,0,1096,169.08011153170517,5.10915949623,car-187,min_length
1097,1898,592,2,351,154.88273112617216,3.97221957194,car-65,max_speed
1098,2294,234,0,1098,276.2107564837322,3.69971257515,car-694,max_speed
1099,1988,573,0,1099,192.52605970063442,4.0034915615,car-131,max_speed
1099,2353,231,0,1099,212.6338337655238,3.90862232885,car-597,balanced
1100,1871,579,0,1100,154.3953301182528,3.31681996084,car-275,max_speed
1101,2298,271,0,1101,253.98957310615623,3.85127174243,car-886,max_speed
1103,2568,30,0,1103,327.65393145940874,3.27718169372,car-73,max_speed
1105,2353,234,0,1105,223.24367770309883,4.43653759002,car-613,min_length
1105,2605,30,0,1105,267.99086969042474,4.08377014317,car-837,balanced
1107,802,41,0,1107,257.62975166825663,4.16871812362,car-568,min_length
1109,798,41,0,1109,263.7582030488088,4.08858972914,car-936,balanced
1115,2332,234,0,1115,204.63345740072305,4.87927357618,car-462,balanced
1115,760,21,0,1115,297.7935407627383,3.71127000559,car-486,max_speed
1118,2590,885,0,1118,309.55386465082785,3.53417853576,car-917,max_speed
1127,760,42,0,1127,253.51149360262153,3.67097021655,car-367,balanced
1134,760,916,0,1134,232.64520410626145,3.89202753014,car-283,max_speed
1143,798,1096,0,1143,207.32314090300022,4.43121489559,car-378,min_length
1160,2495,1096,0,1160,246.2342102231821,5.57015498852,car-426,min_length
1163,1894,586,0,1163,156.69062269081243,4.19944789252,car-387,min_length
1164,843,30,0,1164,228.85768034557236,4.34977077417,car-846,min_length
1166,cluster_2272_2274,231,0,1166,210.9491096585293,4.33021937619,car-938,max_speed
1169,1894,592,0,1169,157.04411441147477,4.14021942223,car-767,min_length
1171,1871,592,0,1171,149.05263753365955,5.23066003735,car-61,min_length
1172,1988,586,0,1172,180.13657085974168,4.47439105089,car-518,max_speed
1177,798,916,0,1177,223.35409842639834,5.36631921255,car-972,balanced
1178,1968,586,1,353,128.51327165892954,5.16626340312,car-171,max_speed
1179,1894,573,0,1179,169.08011153170517,4.13432943218,car-420,min_length
1181,1894,573,0,1181,169.08011153170517,5.12758267974,car-666,min_length
1183,812,42,0,1183,259.34421801635096,4.01015385977,car-404,min_length
1185,818,42,0,1185,255.334557132559,5.44794422512,car-299,min_length
1186,1886,592,0,1186,159.0663164393471,3.86134064,car-425,balanced
1187,1968,573,1,345,140.90276049982228,3.92405494689,car-601,min_length
1191,cluster_794_797,42,0,1191,246.1210358709226,4.39602304448,car-154,min_length
1191,1988,579,0,1191,185.83275516499725,3.84786982164,car-724,max_speed
1192,2571,916,0,1192,351.97655726999216,4.46093102279,car-21,max_speed
1193,cluster_794_797,42,0,1193,246.1210358709226,4.26727178974,car-463,min_length
1193,1988,573,0,1193,192.52605970063442,4.94588500591,car-714,max_speed
1194,1886,586,0,1194,158.71282471868477,5.12642813201,car-448,balanced
1196,660,916,0,1196,254.73480464248732,4.71292596142,car-253,balanced
1197,1886,586,0,1197,158.71282471868477,4.5471357688,car-610,max_speed
1197,1951,592,2,354,160.58824246798753,5.28601152267,car-302,balanced
1199,2308,378,0,1199,264.2162056256262,3.69378860156,car-565,max_speed
1199,820,41,0,1199,263.89596099649054,3.9349908332,car-723,min_length
1200,1988,586,0,1200,180.13657085974168,3.13908383869,car-932,max_speed
1200,1955,573,1,433,148.88156049982229,3.58656970166,car-711,balanced
1201,1988,573,0,1201,192.52605970063442,4.86039285722,car-873,max_speed
1204,1955,573,1,428,148.88156049982229,4.11203689418,car-257,min_length
1205,1894,573,1,403,169.08011153170517,3.20522607429,car-612,max_speed
1211,2540,880,0,1211,313.8925677346532,3.33167591039,car-371,max_speed
1212,1886,579,0,1212,164.40900902394034,4.83072124556,car-650,balanced
1214,1894,586,0,1214,156.69062269081243,4.06729080381,car-548,min_length
1220,1894,573,1,380,169.08011153170517,2.98737583545,car-177,balanced
1221,2453,1096,0,1221,256.9887098632109,3.6729869045,car-658,min_length
1228,2359,327,0,1228,184.6931826530612,4.92753708437,car-695,min_length
1244,1894,579,0,1244,162.386806996068,5.07747840047,car-677,min_length
1249,1955,586,1,355,136.49207165892955,4.08228109738,car-128,min_length
1251,798,880,0,1251,254.6308864634274,4.48867615544,car-971,max_speed
1252,1955,592,2,333,136.84556337959188,4.30965911056,car-651,balanced
1253,846,880,0,1253,265.74641942651795,4.2642282223,car-189,min_length
1253,1898,586,2,353,154.52923940550983,4.40095630576,car-773,max_speed
1260,1898,592,1,381,154.88273112617216,5.02429062158,car-3,balanced
1264,2453,41,0,1264,313.42377200901956,4.59914109718,car-811,balanced
1266,1951,586,1,343,160.2347507473252,4.14314509539,car-432,min_length
1267,1955,592,1,425,136.84556337959188,4.29059242942,car-429,max_speed
1268,1886,586,0,1268,158.71282471868477,4.37867615951,car-756,balanced
1270,2590,21,0,1270,350.11328842033566,3.53193275207,car-485,balanced
1275,1955,573,1,367,148.88156049982229,4.10163283575,car-256,min_length
1277,1951,586,1,379,160.2347507473252,4.77121126638,car-69,min_length
1280,1886,592,0,1280,159.0663164393471,4.18754786486,car-696,balanced
1281,1894,586,1,349,156.69062269081243,3.71666275318,car-104,balanced
1282,1898,586,1,354,154.52923940550983,3.80973463634,car-911,balanced
1286,1886,586,0,1286,158.71282471868477,3.77893764963,car-865,max_speed
1290,1968,573,1,369,140.90276049982228,4.2114839032,car-522,min_length
1292,1894,573,1,365,169.08011153170517,3.32055826722,car-701,balanced
1293,2568,916,0,1293,327.3277975501215,4.74594127231,car-341,balanced
1294,2437,327,0,1294,219.71334104039022,5.44324031503,car-608,min_length
1296,2453,916,0,1296,273.019667386609,4.13726948405,car-843,max_speed
1296,1968,573,1,280,140.90276049982228,4.19140079962,car-898,max_speed
1307,2444,916,0,1307,280.7950453563714,4.38147726997,car-459,balanced
1310,1871,586,0,1310,148.69914581299722,4.72038587983,car-140,min_length
1313,1894,573,0,1313,169.08011153170517,4.16767079716,car-782,min_length
1322,2298,327,0,1322,238.62211400694395,4.27882573008,car-540,balanced
1323,843,42,0,1323,249.39783593264517,4.81520935064,car-902,max_speed
1324,2590,885,0,1324,309.55386465082785,4.00024772751,car-574,balanced
1327,760,42,0,1327,253.51149360262153,3.96649970906,car-90,balanced
1329,2539,42,0,1329,301.67645364322823,5.97138224081,car-136,balanced
1335,660,885,0,1335,279.32371752945636,4.83225479818,car-544,balanced
1343,1886,592,0,1343,159.0663164393471,5.22811911777,car-758,max_speed
1345,2332,231,0,1345,194.02361346314802,4.27061982922,car-424,balanced
1348,2359,231,0,1348,206.387613463148,5.32306454209,car-583,max_speed
1350,1898,592,0,1350,154.88273112617216,5.30579131899,car-41,min_length
1352,1968,586,1,306,128.51327165892954,3.84055461072,car-720,min_length
1354,1955,586,2,341,136.49207165892955,4.58057475362,car-121,balanced
1355,1894,579,0,1355,162.386806996068,5.35135761652,car-921,min_length
1358,1886,579,0,1358,164.40900902394034,5.70069677995,car-918,max_speed
1358,1951,586,1,336,160.2347507473252,2.69168841329,car-998,balanced
1359,2298,376,0,1359,286.3243949193089,4.23584034509,car-576,balanced
1360,2359,231,0,1360,206.387613463148,5.36181688337,car-769,max_speed
1361,1988,573,1,643,192.52605970063442,4.93633926498,car-907,max_speed
1361,1968,586,1,285,128.51327165892954,3.27834827596,car-614,min_length
1362,2437,231,0,1362,241.40777185047702,6.04176252853,car-447,max_speed
1364,2332,327,0,1364,172.3291826530612,5.48703658493,car-455,max_speed
1365,798,41,0,1365,263.7582030488088,4.50860247366,car-787,min_length
1367,2308,231,0,1367,244.6561346349927,3.85679560262,car-591,max_speed
1367,2294,234,0,1367,276.2107564837322,4.22137007078,car-786,balanced
1367,1964,586,1,366,130.03307007505626,4.57503740089,car-166,max_speed
1369,2410,231,0,1369,374.60882043451727,3.56866115272,car-383,max_speed
1369,1886,586,1,810,158.71282471868477,4.89633722606,car-34,max_speed
1371,1964,592,1,369,130.3865617957186,5.4101311002,car-386,min_length
1372,1968,573,2,302,140.90276049982228,4.2864360517,car-294,min_length
1374,1886,579,0,1374,164.40900902394034,3.04448605169,car-922,balanced
1375,1886,592,1,684,159.0663164393471,3.673245235,car-498,max_speed
1377,2437,234,0,1377,252.01761578805204,4.82641636168,car-414,balanced
1378,2353,376,0,1378,238.64168386780193,5.45256865576,car-905,min_length
1381,758,885,0,1381,255.76543448783087,4.8091492966,car-699,min_length
1383,1988,586,2,457,180.13657085974168,4.12158651772,car-108,max_speed
1386,2467,916,0,1386,336.8887052987345,4.00750120378,car-139,balanced
1388,cluster_2272_2274,378,0,1388,230.50918064916277,4.02818897098,car-744,max_speed
1390,1886,573,0,1390,171.1023135595775,7.14837912507,car-950,balanced
1390,1886,579,1,491,164.40900902394034,4.26488170488,car-743,max_speed
1392,1886,573,0,1392,171.1023135595775,4.10503701881,car-991,balanced
1393,2410,378,0,1393,394.1688914251507,4.05573932652,car-109,max_speed
1393,cluster_794_797,916,0,1393,225.2547463745625,4.62781884507,car-358,max_speed
1394,2437,327,0,1394,219.71334104039022,5.48633019319,car-721,min_length
1394,1964,573,1,319,142.422558915949,4.80454173998,car-947,min_length
1399,cluster_2272_2274,376,0,1399,236.95695976080742,4.90162429334,car-575,balanced
