256,1968,586,0,256,128.51327165892954,1.82404341376,car-10,min_length
280,1968,586,0,280,128.51327165892954,1.87914128161,car-124,max_speed
293,2241,1096,0,293,190.94018772172768,1.78499744819,car-141,max_speed
321,802,1096,0,321,201.19468952244802,1.4902458007,car-105,balanced
323,cluster_794_797,1096,0,323,209.2237888511644,1.71231087922,car-13,balanced
325,2332,cluster_281_283,0,325,163.53381754478067,2.04260529211,car-120,min_length
327,2332,cluster_281_283,0,327,163.53381754478067,1.8580390227,car-161,min_length
344,846,42,0,344,255.33592088584894,2.05024955601,car-157,balanced
348,1968,586,0,348,128.51327165892954,2.15116049824,car-212,max_speed
356,1968,586,0,356,128.51327165892954,2.339472851,car-209,max_speed
363,1968,579,0,363,134.2094559641851,2.42125216999,car-26,balanced
364,1968,586,0,364,128.51327165892954,2.11368723033,car-282,max_speed
366,1955,592,0,366,136.84556337959188,2.0554827936,car-65,max_speed
366,2332,231,0,366,194.02361346314802,2.16032893233,car-168,min_length
367,1968,592,0,367,128.86676337959187,2.20121185627,car-49,balanced
376,1968,579,0,376,134.2094559641851,2.51427200642,car-344,min_length
378,1964,592,0,378,130.3865617957186,2.30744276423,car-320,min_length
379,1968,586,0,379,128.51327165892954,2.38497278309,car-310,min_length
380,843,916,0,380,228.53154643628508,1.98250365658,car-395,balanced
381,1968,579,0,381,134.2094559641851,2.518788084,car-479,min_length
385,2332,327,0,385,172.3291826530612,2.30203734987,car-229,min_length
385,1968,573,0,385,140.90276049982228,2.38320003812,car-251,max_speed
386,1964,592,0,386,130.3865617957186,2.34112401937,car-323,min_length
387,1968,573,0,387,140.90276049982228,2.27647910271,car-403,balanced
389,1968,573,0,389,140.90276049982228,2.25506770398,car-220,max_speed
391,cluster_2272_2274,327,0,391,189.2546788484425,2.33568998475,car-238,balanced
393,1968,579,0,393,134.2094559641851,2.30790799935,car-475,max_speed
398,1968,579,0,398,134.2094559641851,2.3486009026,car-487,max_speed
400,1951,586,0,400,160.2347507473252,2.13401012446,car-121,balanced
401,1951,573,0,401,172.62423958821793,2.21800305331,car-221,max_speed
403,1964,592,0,403,130.3865617957186,2.38567732743,car-199,max_speed
403,1964,573,0,403,142.422558915949,2.21974109712,car-377,max_speed
405,1951,573,0,405,172.62423958821793,2.22533935811,car-57,max_speed
406,1951,573,0,406,172.62423958821793,1.96831371638,car-233,max_speed
408,1951,579,0,408,165.93093505258076,2.10048964674,car-372,max_speed
409,cluster_2272_2274,cluster_281_283,0,409,180.45931374016195,1.94999381751,car-202,balanced
411,cluster_2405_2415,cluster_281_283,0,411,207.39960005571825,1.94387396298,car-464,balanced
420,2241,41,0,420,247.37524986753633,2.17050826047,car-94,max_speed
424,2359,cluster_281_283,0,424,175.89781754478065,2.32502303158,car-32,max_speed
431,849,885,0,431,257.6798545716343,1.83307565178,car-178,balanced
431,2332,378,0,431,213.58368445378147,2.02525568669,car-334,balanced
434,cluster_2405_2415,376,0,434,263.89724607636373,2.27022910936,car-19,balanced
439,cluster_2272_2274,234,0,439,221.55895359610432,2.44030516828,car-33,max_speed
450,1898,573,0,450,166.91872824640257,2.50696262975,car-12,max_speed
450,cluster_2272_2274,231,0,450,210.9491096585293,2.28296127266,car-193,max_speed
451,1968,573,0,451,140.90276049982228,2.8165002662,car-496,balanced
456,1951,579,0,456,165.93093505258076,2.90656405892,car-158,min_length
457,1955,592,0,457,136.84556337959188,2.51473691448,car-306,max_speed
458,1955,579,0,458,142.18825596418512,2.74874940508,car-226,balanced
458,1951,586,0,458,160.2347507473252,2.63505150858,car-267,balanced
460,2241,885,0,460,231.56005813209484,2.20400052358,car-490,max_speed
461,1955,592,0,461,136.84556337959188,2.73991386051,car-307,balanced
461,1955,586,0,461,136.49207165892955,2.6456552893,car-492,min_length
462,1955,573,0,462,148.88156049982229,2.27739240187,car-133,balanced
466,820,880,0,466,254.76864441110905,2.26612486155,car-247,max_speed
468,1955,586,0,468,136.49207165892955,2.77826040116,car-587,min_length
469,1951,573,0,469,172.62423958821793,2.78611331296,car-249,balanced
476,2332,327,0,476,172.3291826530612,2.68116766305,car-278,min_length
477,1968,579,0,477,134.2094559641851,2.40792829095,car-526,max_speed
477,1951,573,0,477,172.62423958821793,2.64571278877,car-578,balanced
478,2359,327,0,478,184.6931826530612,2.76510709724,car-43,min_length
479,849,916,0,479,233.09094168466524,2.61922786058,car-143,max_speed
481,2363,376,0,481,234.30043116801792,2.74493539421,car-4,max_speed
484,1955,573,0,484,148.88156049982229,2.92020153519,car-235,min_length
485,1898,586,0,485,154.52923940550983,2.59633524171,car-24,balanced
485,1894,573,0,485,169.08011153170517,2.45022881381,car-76,max_speed
485,846,916,0,485,234.46963138948885,2.31265366695,car-302,balanced
487,1968,573,0,487,140.90276049982228,2.77792995838,car-592,min_length
488,2359,327,0,488,184.6931826530612,2.30089739778,car-96,balanced
489,1955,573,0,489,148.88156049982229,2.47282880552,car-211,balanced
490,1955,573,0,490,148.88156049982229,2.80511614142,car-534,min_length
491,1955,579,0,491,142.18825596418512,2.81001325267,car-379,min_length
493,1955,573,0,493,148.88156049982229,2.67960187602,car-566,min_length
505,843,885,0,505,253.12045932325412,2.53401286038,car-169,balanced
510,cluster_794_797,1096,0,510,209.2237888511644,2.76369287598,car-20,balanced
513,843,42,0,513,249.39783593264517,2.17904739054,car-321,balanced
517,843,880,0,517,259.8083344733142,2.00956493056,car-365,balanced
520,cluster_2405_2415,cluster_281_283,0,520,207.39960005571825,2.06759202882,car-60,max_speed
529,2332,271,0,529,187.69664175227348,2.36538793056,car-252,min_length
531,1988,586,0,531,180.13657085974168,2.51816849138,car-83,balanced
538,1964,586,0,538,130.03307007505626,2.82777049811,car-412,balanced
540,1964,586,0,540,130.03307007505626,2.73092772122,car-441,max_speed
542,1894,586,0,542,156.69062269081243,2.99759069665,car-108,max_speed
543,2353,231,0,543,212.6338337655238,2.35577488824,car-34,max_speed
543,1894,586,0,543,156.69062269081243,2.63325979492,car-198,balanced
545,1964,573,0,545,142.422558915949,3.21830875748,car-421,max_speed
546,cluster_794_797,916,0,546,225.2547463745625,2.58088379864,car-64,balanced
547,cluster_2405_2415,376,0,547,263.89724607636373,2.65419963823,car-369,balanced
551,1955,573,0,551,148.88156049982229,2.7251573053,car-497,balanced
555,802,42,0,555,238.09193654220624,2.69522287403,car-527,balanced
557,1871,573,0,557,161.08863465388995,2.42332228606,car-51,max_speed
557,1894,579,0,557,162.386806996068,2.66096166497,car-138,balanced
558,1894,579,0,558,162.386806996068,2.99734563615,car-137,balanced
559,1988,573,0,559,192.52605970063442,3.03557924826,car-312,balanced
561,849,1096,0,561,217.05998416126712,2.67798144657,car-418,balanced
562,1988,586,0,562,180.13657085974168,3.38941402627,car-523,balanced
564,1988,586,0,564,180.13657085974168,3.21177789201,car-294,min_length
564,cluster_2272_2274,231,0,564,210.9491096585293,3.13598397228,car-489,max_speed
565,cluster_2272_2274,376,0,565,236.95695976080742,2.79179557795,car-508,max_speed
570,776,30,0,570,238.86478653966674,2.8618994196,car-331,max_speed
572,1894,579,0,572,162.386806996068,2.6126118791,car-442,balanced
574,1891,573,0,574,169.02024012545226,3.43026278708,car-5,max_speed
575,2359,234,0,575,216.99745740072302,2.86434241609,car-48,balanced
575,1894,592,0,575,157.04411441147477,3.10809160706,car-483,max_speed
576,1894,579,0,576,162.386806996068,2.97769341025,car-274,balanced
577,1988,573,0,577,192.52605970063442,3.53723131648,car-127,balanced
581,1898,579,0,581,160.2254237107654,3.01084844634,car-70,balanced
583,1894,573,0,583,169.08011153170517,3.05539893607,car-466,max_speed
588,1898,579,0,588,160.2254237107654,3.10990332605,car-107,balanced
589,1988,573,0,589,192.52605970063442,2.57548673219,car-547,min_length
591,1898,573,0,591,166.91872824640257,3.01785285331,car-79,balanced
593,1898,573,0,593,166.91872824640257,3.11540460455,car-129,balanced
597,1898,573,0,597,166.91872824640257,3.05370632109,car-153,max_speed
600,760,916,0,600,232.64520410626145,2.81709607212,car-345,balanced
601,849,42,0,601,253.95723118102532,2.35714368787,car-185,balanced
602,cluster_691_696,885,0,602,262.27864465403917,2.49434052693,car-100,min_length
605,843,885,0,605,253.12045932325412,2.55354577596,car-359,balanced
609,760,42,0,609,253.51149360262153,2.50314349158,car-90,balanced
613,804,30,0,613,244.2983612287115,2.38058999642,car-0,balanced
622,2363,378,0,622,227.85265205637327,2.26940589755,car-11,min_length
622,1898,592,0,622,154.88273112617216,2.83142243712,car-348,balanced
624,1898,586,0,624,154.52923940550983,3.26501828684,car-506,max_speed
626,2308,307,0,626,250.91766979660778,2.98135739764,car-99,max_speed
627,804,30,0,627,244.2983612287115,2.93587090354,car-77,balanced
631,1871,586,0,631,148.69914581299722,2.92395281481,car-56,balanced
631,cluster_2405_2415,231,0,631,237.8893959740856,2.68998844841,car-246,max_speed
632,758,41,0,632,271.58062622327236,2.69371820892,car-197,max_speed
633,1898,586,0,633,154.52923940550983,3.49364614085,car-219,balanced
633,1898,573,0,633,166.91872824640257,3.12218919762,car-244,max_speed
634,760,41,0,634,273.0493087286719,2.72088096327,car-215,max_speed
635,1898,592,0,635,154.88273112617216,3.4755780529,car-264,balanced
638,1898,586,0,638,154.52923940550983,3.34094279168,car-389,max_speed
640,1898,586,0,640,154.52923940550983,3.3635416069,car-171,max_speed
642,846,885,0,642,259.0585442764579,2.95047190363,car-241,max_speed
646,2353,231,0,646,212.6338337655238,2.76965954646,car-6,min_length
649,1898,573,0,649,166.91872824640257,3.06259467667,car-177,balanced
649,1898,592,0,649,154.88273112617216,2.92246926011,car-440,max_speed
650,2353,271,0,650,206.30686205464926,3.18727156032,car-8,min_length
650,1891,579,0,650,162.3269355898151,3.12025404351,car-22,balanced
652,760,916,0,652,232.64520410626145,2.70621570793,car-283,max_speed
652,1964,586,1,249,130.03307007505626,3.26308228056,car-199,max_speed
653,843,30,0,653,228.85768034557236,3.1989069212,car-552,balanced
656,cluster_2405_2415,231,0,656,237.8893959740856,3.61958568092,car-569,max_speed
658,2308,231,0,658,244.6561346349927,3.61895581106,car-142,max_speed
660,2308,231,0,660,244.6561346349927,3.2747247847,car-394,max_speed
661,1891,579,0,661,162.3269355898151,3.80727516355,car-30,max_speed
662,2294,231,0,662,265.6009125461572,3.22522709629,car-112,max_speed
664,2353,231,0,664,212.6338337655238,3.34272286583,car-52,min_length
673,812,41,0,673,278.8820331424014,3.26747485921,car-89,balanced
674,804,916,0,674,243.97222731942423,3.24783350891,car-476,max_speed
678,760,42,0,678,253.51149360262153,3.1019813883,car-272,max_speed
679,804,21,0,679,309.1205639759011,2.91139727346,car-493,balanced
684,2359,327,0,684,184.6931826530612,3.72549389076,car-200,min_length
686,2353,231,0,686,212.6338337655238,3.39732329427,car-257,min_length
688,2308,cluster_281_283,0,688,214.16633871662535,3.28937384177,car-3,balanced
705,760,21,0,705,297.7935407627383,2.79821003956,car-103,max_speed
706,2294,378,0,706,285.1609835367907,3.19934310976,car-45,balanced
710,cluster_691_696,41,0,710,278.09383638948066,3.30690734214,car-263,max_speed
713,1886,586,0,713,158.71282471868477,3.46417294248,car-328,max_speed
715,818,41,0,715,274.8723722586094,2.83368075336,car-326,max_speed
716,622,30,0,716,216.9671115910727,2.62624442834,car-351,min_length
718,cluster_691_696,30,0,718,238.0158656763574,2.65823163829,car-81,min_length
718,1988,586,0,718,180.13657085974168,3.10813618733,car-268,max_speed
718,1898,592,1,354,154.88273112617216,2.3744116156,car-282,max_speed
722,1886,573,0,722,171.1023135595775,3.02938351718,car-55,max_speed
724,cluster_794_797,30,1,380,225.58088028384978,2.72411072681,car-157,balanced
725,1886,573,0,725,171.1023135595775,3.13489826412,car-273,balanced
725,1886,592,0,725,159.0663164393471,3.38500000966,car-425,balanced
727,2308,376,0,727,270.6639847372708,2.43364007123,car-446,balanced
727,cluster_794_797,42,0,727,246.1210358709226,2.80206156357,car-482,balanced
728,1898,586,0,728,154.52923940550983,3.58666316085,car-599,balanced
731,1886,592,0,731,159.0663164393471,3.03425348313,car-71,balanced
732,1886,586,0,732,158.71282471868477,3.48397025084,car-104,balanced
732,1886,579,0,732,164.40900902394034,3.2836510547,car-370,balanced
734,1891,586,0,734,156.63075128455952,3.59333862708,car-39,max_speed
737,760,21,0,737,297.7935407627383,2.38993846254,car-486,max_speed
739,661,916,0,739,245.6272987760979,3.14064206964,car-82,min_length
740,2294,234,0,740,276.2107564837322,3.23676338427,car-102,max_speed
743,2294,234,0,743,276.2107564837322,3.0313153967,car-117,max_speed
746,802,1096,0,746,201.19468952244802,3.48300909025,car-47,min_length
746,1886,573,0,746,171.1023135595775,3.16294210806,car-429,max_speed
747,cluster_691_696,916,0,747,237.68973176707013,2.40696697105,car-128,min_length
747,660,30,0,747,255.0609385517746,2.80041080737,car-386,min_length
751,1951,573,1,331,172.62423958821793,2.53755653793,car-94,max_speed
752,2410,378,0,752,394.1688914251507,2.58420209744,car-109,max_speed
752,2298,327,0,752,238.62211400694395,3.34495459322,car-540,balanced
753,804,885,0,753,268.5611402063933,2.76656794665,car-174,max_speed
754,798,880,0,754,254.6308864634274,2.77639333567,car-581,balanced
758,776,916,0,758,238.53865263037946,3.06303537769,car-590,balanced
769,2332,307,0,769,200.2851486247631,2.83219623028,car-355,min_length
770,cluster_2272_2274,231,0,770,210.9491096585293,3.56012486059,car-260,balanced
774,760,42,0,774,253.51149360262153,3.59343298282,car-510,balanced
776,2539,42,0,776,301.67645364322823,2.65709772218,car-136,balanced
777,806,30,0,777,255.50274874010074,2.76129231748,car-390,max_speed
783,586,880,0,783,248.52406495123583,3.00061046325,car-1,balanced
790,2496,21,0,790,329.48693852832713,2.33573676074,car-7,min_length
792,818,21,0,792,299.6166042926758,2.5352613125,car-84,min_length
793,cluster_794_797,41,0,793,265.658850996973,3.35916019679,car-308,max_speed
794,2353,cluster_281_283,0,794,182.14403784715645,3.4223267324,car-207,max_speed
799,1894,573,0,799,169.08011153170517,3.00680825687,car-2,min_length
799,1871,586,0,799,148.69914581299722,3.7712732211,car-135,balanced
799,2332,271,0,799,187.69664175227348,3.09127994382,car-364,min_length
799,2495,1096,0,799,246.2342102231821,3.21928589163,car-426,min_length
804,2353,231,0,804,212.6338337655238,2.89288860425,car-340,min_length
805,2298,376,0,805,286.3243949193089,2.49398687913,car-576,balanced
809,1988,586,0,809,180.13657085974168,3.01656708515,car-227,max_speed
810,802,41,0,810,257.62975166825663,3.3122411225,car-285,min_length
814,1891,579,0,814,162.3269355898151,3.66056575633,car-66,balanced
815,2453,885,0,815,297.60858027357807,3.41668365132,car-175,min_length
815,798,885,1,298,247.94301131336738,3.27424375297,car-365,balanced
816,1964,579,1,328,135.72925438031183,3.11422961751,car-96,balanced
818,2444,885,0,818,305.3839582433405,2.58698143881,car-291,min_length
823,2353,231,0,823,212.6338337655238,3.26716581414,car-597,balanced
824,1988,573,0,824,192.52605970063442,3.27251301019,car-131,max_speed
827,1898,573,1,361,166.91872824640257,2.95019502566,car-247,max_speed
828,1988,573,0,828,192.52605970063442,3.18377175464,car-449,max_speed
830,1898,586,1,353,154.52923940550983,3.08152535144,car-526,max_speed
830,1898,573,1,341,166.91872824640257,2.47024166476,car-211,balanced
831,2359,231,0,831,206.387613463148,2.88733059486,car-335,max_speed
833,2495,41,0,833,302.66927236899073,3.32013313854,car-554,max_speed
838,cluster_2405_2415,234,0,838,248.49923991166062,3.54138482446,car-281,min_length
838,1898,586,1,380,154.52923940550983,2.93486719787,car-267,balanced
839,2496,30,0,839,264.6647357811375,2.78098418495,car-433,balanced
840,cluster_794_797,1096,0,840,209.2237888511644,3.38408105364,car-31,min_length
843,2568,916,0,843,327.3277975501215,3.06125729482,car-341,balanced
846,2308,378,0,846,264.2162056256262,2.63140880201,car-565,max_speed
861,2353,307,0,861,218.8953689271389,3.04046361081,car-258,min_length
861,2359,cluster_281_283,0,861,175.89781754478065,3.68621123989,car-300,min_length
863,2539,42,0,863,301.67645364322823,2.25044172503,car-391,max_speed
868,2590,885,0,868,309.55386465082785,3.2091105201,car-460,balanced
875,cluster_2405_2415,327,0,875,216.1949651639988,3.22171220971,car-35,min_length
881,2294,231,0,881,265.6009125461572,3.44841949187,car-28,balanced
888,1871,586,0,888,148.69914581299722,3.58126904084,car-15,min_length
890,1988,586,1,405,180.13657085974168,2.48566483939,car-24,balanced
892,1988,586,0,892,180.13657085974168,3.39501942412,car-518,max_speed
893,2410,231,0,893,374.60882043451727,2.66200481521,car-68,balanced
896,cluster_794_797,21,0,896,290.40308303103933,3.28035508845,car-29,max_speed
896,cluster_2272_2274,378,0,896,230.50918064916277,2.27444070499,car-301,balanced
896,760,42,0,896,253.51149360262153,2.72977731644,car-367,balanced
898,1894,592,0,898,157.04411441147477,3.8159344414,car-67,min_length
898,2332,378,1,531,213.58368445378147,3.22952646045,car-49,balanced
900,804,41,0,900,284.3763319418348,2.93349254568,car-361,min_length
900,1964,586,1,300,130.03307007505626,2.55754154146,car-345,balanced
901,2353,378,0,901,232.19390475615728,2.71073343637,car-400,min_length
902,798,41,0,902,263.7582030488088,3.33508809176,car-69,min_length
904,1964,592,1,329,130.3865617957186,2.7583909974,car-48,balanced
905,798,41,0,905,263.7582030488088,3.94358146349,car-256,min_length
908,1951,586,1,333,160.2347507473252,3.18822632325,car-483,max_speed
910,1951,586,1,333,160.2347507473252,2.7481030353,car-127,balanced
913,1894,573,0,913,169.08011153170517,4.10681876576,car-148,min_length
913,1886,586,0,913,158.71282471868477,3.42208659293,car-448,balanced
913,579,1096,0,913,207.10112860607143,3.46357037622,car-451,max_speed
914,1955,586,1,436,136.49207165892955,2.84502372374,car-43,min_length
916,1886,579,0,916,164.40900902394034,3.78474227205,car-509,max_speed
916,1964,586,1,370,130.03307007505626,3.16443804042,car-64,balanced
917,2539,41,0,917,321.21426876927865,2.59946471921,car-240,balanced
920,2453,885,0,920,297.60858027357807,2.64282290424,car-407,min_length
920,1898,586,1,332,154.52923940550983,3.21348489622,car-107,balanced
923,1988,592,1,433,180.49006258040401,2.29258785386,car-534,min_length
926,2353,378,0,926,232.19390475615728,3.4068595712,car-522,min_length
927,2363,307,0,927,214.55411622735488,4.67099639477,car-237,max_speed
927,1968,586,1,292,128.51327165892954,3.10105297805,car-264,balanced
928,2467,916,0,928,336.8887052987345,2.92388271965,car-139,balanced
928,2332,378,0,928,213.58368445378147,3.44266495544,car-528,max_speed
932,cluster_794_797,30,0,932,225.58088028384978,3.14140704365,car-88,min_length
932,798,1096,0,932,207.32314090300022,3.14455035371,car-378,min_length
932,2453,880,0,932,304.2964554236381,3.35022164306,car-561,min_length
933,1951,573,1,376,172.62423958821793,3.47727467297,car-51,max_speed
938,1898,573,1,362,166.91872824640257,3.06259698022,car-274,balanced
941,1871,573,0,941,161.08863465388995,3.92695875052,car-146,balanced
943,806,30,0,943,255.50274874010074,3.08773283172,car-520,balanced
945,2568,30,0,945,327.65393145940874,3.45160945868,car-73,max_speed
946,1894,586,0,946,156.69062269081243,3.70706408309,car-173,min_length
948,660,885,0,948,279.32371752945636,3.72258301897,car-544,balanced
950,2444,916,0,950,280.7950453563714,3.43918019892,car-459,balanced
963,2467,42,0,963,357.7549947950946,3.17801983875,car-172,balanced
968,798,885,0,968,247.94301131336738,4.14935008085,car-50,max_speed
971,812,42,0,971,259.34421801635096,2.85593055451,car-404,min_length
973,818,42,0,973,255.334557132559,2.55954834879,car-299,min_length
979,cluster_794_797,42,0,979,246.1210358709226,3.0236477468,car-154,min_length
979,812,30,1,329,238.80406242927816,3.52085673299,car-22,balanced
981,cluster_794_797,42,0,981,246.1210358709226,2.44379311314,car-463,min_length
986,2410,271,0,986,368.2818487236427,3.21452636929,car-270,balanced
986,1964,573,1,352,142.422558915949,2.64014498607,car-215,max_speed
988,1891,573,0,988,169.02024012545226,3.51767242644,car-98,max_speed
996,2359,376,0,996,232.39546356542613,3.03426524781,car-191,balanced
996,1968,586,1,336,128.51327165892954,3.57448394015,car-394,max_speed
999,1871,586,0,999,148.69914581299722,3.79452238849,car-159,balanced
999,2437,234,0,999,252.01761578805204,3.44965122331,car-562,balanced
999,1886,573,1,599,171.1023135595775,3.2078201073,car-121,balanced
1002,1891,586,0,1002,156.63075128455952,3.79578074997,car-97,balanced
1003,798,1096,0,1003,207.32314090300022,3.15580029436,car-152,max_speed
1003,1891,586,0,1003,156.63075128455952,4.82498087434,car-180,balanced
1004,1951,579,1,373,165.93093505258076,3.04647721535,car-56,balanced
1005,1894,573,0,1005,169.08011153170517,4.21726202273,car-91,min_length
1007,1891,586,0,1007,156.63075128455952,3.72032433178,car-163,max_speed
1008,cluster_2272_2274,231,0,1008,210.9491096585293,3.22619743431,car-23,min_length
1010,1894,573,0,1010,169.08011153170517,3.71026776454,car-187,min_length
1010,804,21,0,1010,309.1205639759011,3.82646315944,car-511,min_length
1010,2332,231,1,541,194.02361346314802,3.20521972498,car-249,balanced
1012,2359,231,0,1012,206.387613463148,3.40193890582,car-504,balanced
1013,1894,592,1,373,157.04411441147477,3.3207408457,car-171,max_speed
1014,2308,231,0,1014,244.6561346349927,3.67858738732,car-591,max_speed
1016,2437,231,0,1016,241.40777185047702,3.26974424515,car-210,max_speed
1017,1891,573,0,1017,169.02024012545226,3.97296789063,car-228,max_speed
1017,2455,885,0,1017,332.37171922246216,3.6625524443,car-415,min_length
1018,1968,592,1,303,128.86676337959187,3.36196852953,car-326,max_speed
1019,660,916,0,1019,254.73480464248732,2.96230119252,car-253,balanced
1020,2410,307,0,1020,380.8703555961323,2.88788241188,car-381,balanced
1026,1871,573,0,1026,161.08863465388995,5.1925590446,car-166,max_speed
1026,cluster_691_696,880,0,1026,268.9665198040992,3.7827508698,car-382,min_length
1027,2294,231,0,1027,265.6009125461572,3.691750306,car-322,balanced
1028,2467,880,0,1028,368.16549333576364,3.77460599687,car-80,min_length
1029,1886,573,1,416,171.1023135595775,3.32237848896,car-0,balanced
1034,812,42,0,1034,259.34421801635096,4.65245607795,car-261,max_speed
1035,2437,cluster_281_283,0,1035,210.91797593210967,3.21010558098,car-179,balanced
1037,2453,1096,0,1037,256.9887098632109,3.81050964028,car-113,min_length
1042,2359,cluster_281_283,0,1042,175.89781754478065,4.31056322477,car-480,min_length
1044,2359,cluster_281_283,0,1044,175.89781754478065,3.80234792849,car-481,min_length
1045,2573,880,0,1045,377.65795293841074,4.14999598367,car-119,min_length
1050,2568,916,0,1050,327.3277975501215,2.44927728736,car-338,min_length
1055,2453,30,0,1055,273.34580129589625,3.20811268134,car-16,min_length
1058,1894,579,0,1058,162.386806996068,2.95142920253,car-196,min_length
1058,579,41,0,1058,263.5361907518801,3.49022364948,car-416,balanced
1068,1898,592,0,1068,154.88273112617216,4.12997293525,car-41,min_length
1069,1951,586,1,316,160.2347507473252,3.19753095519,car-174,max_speed
1072,802,21,1,521,282.37398370232296,2.59915806598,car-497,balanced
1075,2437,231,0,1075,241.40777185047702,4.94009260213,car-447,max_speed
1076,1894,586,1,349,156.69062269081243,3.77540309069,car-446,balanced
1077,1891,592,0,1077,156.98424300522186,4.05730592309,car-286,max_speed
1080,1891,586,0,1080,156.63075128455952,3.46981866706,car-234,max_speed
1086,1894,586,0,1086,156.69062269081243,4.1759759337,car-387,min_length
1088,2363,378,0,1088,227.85265205637327,4.5099884487,car-40,balanced
1088,2605,21,0,1088,332.8130724376144,3.66061444161,car-484,balanced
1090,2294,378,0,1090,285.1609835367907,3.92987003914,car-594,balanced
1090,1951,573,1,368,172.62423958821793,4.25218725747,car-55,max_speed
1091,1891,592,0,1091,156.98424300522186,4.74648567216,car-316,balanced
1092,2573,1096,0,1092,330.3502073779835,2.96751298145,car-580,max_speed
1092,1964,586,1,246,130.03307007505626,2.53647417851,car-565,max_speed
1094,2573,1096,0,1094,330.3502073779835,3.68838059262,car-539,balanced
1096,2573,1096,0,1096,330.3502073779835,2.19481907083,car-37,max_speed
1096,1891,579,0,1096,162.3269355898151,4.87413346958,car-290,balanced
1096,2294,376,0,1096,291.60876264843534,4.39895619307,car-469,balanced
1100,1871,573,0,1100,161.08863465388995,3.90063652161,car-254,max_speed
1100,2437,376,0,1100,267.41562195275515,3.38498810012,car-311,balanced
1103,802,41,0,1103,257.62975166825663,4.68568985057,car-568,min_length
1106,1891,586,0,1106,156.63075128455952,5.54738084833,car-339,max_speed
1111,2487,916,0,1111,406.0643715365226,3.00811289134,car-86,max_speed
1111,2487,880,0,1111,437.3411595735517,3.09064205688,car-160,min_length
1115,2437,327,0,1115,219.71334104039022,4.54238063467,car-58,balanced
1115,1894,579,1,410,162.386806996068,3.29564524527,car-103,max_speed
1116,2467,880,0,1116,368.16549333576364,4.53639110745,car-184,min_length
1122,2332,378,0,1122,213.58368445378147,5.17213326189,car-557,max_speed
1129,2571,30,0,1129,352.3026911792794,4.18885389638,car-87,max_speed
1133,2590,42,0,1133,305.8312412602189,3.63130895841,car-122,max_speed
1140,2590,885,0,1140,309.55386465082785,3.21796341715,car-574,balanced
1144,cluster_2405_2415,378,0,1144,257.4494669647191,4.4727393047,car-432,min_length
1149,2573,21,0,1149,411.5295015578585,2.75049878037,car-474,min_length
1153,2308,cluster_281_283,0,1153,214.16633871662535,5.42817029532,car-183,min_length
1160,2308,234,0,1160,255.26597857256772,3.53922609609,car-125,min_length
1163,843,21,0,1163,293.67988309276194,3.84911384204,car-75,min_length
1164,1894,579,0,1164,162.386806996068,4.27580998189,car-250,min_length
1165,1891,586,0,1165,156.63075128455952,5.17224945038,car-305,balanced
1171,2571,885,0,1171,376.5654701569612,3.98972663089,car-573,min_length
1174,1894,573,0,1174,169.08011153170517,4.25286392362,car-420,min_length
1175,1898,573,0,1175,166.91872824640257,3.64958381683,car-63,min_length
1175,2539,1096,0,1175,264.77920662347003,3.60547673859,car-411,max_speed
1176,1988,586,1,545,180.13657085974168,4.07215385254,car-246,max_speed
1177,1891,586,0,1177,156.63075128455952,4.58984197451,car-354,balanced
1180,1964,592,2,342,130.3865617957186,2.63079328491,car-267,balanced
1182,1955,573,1,388,148.88156049982229,3.6575633209,car-207,max_speed
1184,1964,573,1,323,142.422558915949,2.72967745509,car-258,min_length
1187,2459,1096,0,1187,337.9297938848465,3.89591022785,car-319,balanced
1191,1891,592,0,1191,156.98424300522186,4.51031884753,car-366,balanced
1192,2363,231,0,1192,208.2925810657398,4.14650252504,car-92,min_length
1194,2298,231,0,1194,260.3165448170308,4.45518274526,car-468,balanced
1195,2410,307,0,1195,380.8703555961323,3.60471954994,car-396,max_speed
1198,1968,586,1,302,128.51327165892954,4.92425536322,car-367,balanced
1202,1891,579,0,1202,162.3269355898151,5.69531864888,car-488,max_speed
1202,1955,592,1,289,136.84556337959188,3.94394742867,car-448,balanced
1204,1891,579,0,1204,162.3269355898151,5.68847872609,car-438,max_speed
1205,1898,573,1,462,166.91872824640257,3.68012635905,car-117,max_speed
1208,2410,231,0,1208,374.60882043451727,3.79608942661,car-375,max_speed
1208,2410,376,0,1208,400.61667053679537,2.88676324587,car-401,max_speed
1212,1988,573,1,420,192.52605970063442,3.50209351049,car-84,min_length
1213,1891,573,0,1213,169.02024012545226,4.9160864429,car-450,balanced
1216,1894,586,0,1216,156.69062269081243,3.67918435033,car-548,min_length
1220,2590,880,0,1220,316.2417398008879,3.81965843752,car-46,min_length
1222,2410,234,0,1222,385.2186643720923,4.00632229211,car-402,max_speed
1225,2571,21,0,1225,417.12489392646904,2.53998634494,car-579,min_length
1226,2569,916,0,1226,356.1903801641606,3.25299535891,car-231,min_length
1227,579,21,0,1227,288.28042278594637,3.41868723907,car-313,max_speed
1238,2308,378,0,1238,264.2162056256262,4.8755057683,car-303,min_length
1240,cluster_794_797,916,1,508,225.2547463745625,4.0882947342,car-104,balanced
1241,2455,880,0,1241,339.0595943725222,3.93897704798,car-397,max_speed
1243,579,885,0,1243,247.72099901643858,4.77431206366,car-410,balanced
1243,2571,880,0,1243,383.2533453070213,4.47959571405,car-430,max_speed
1249,2353,378,0,1249,232.19390475615728,4.91257992823,car-280,balanced
1253,843,885,0,1253,253.12045932325412,4.32328652819,car-495,min_length
1255,1886,573,1,518,171.1023135595775,3.80228508677,car-486,max_speed
1256,1898,586,0,1256,154.52923940550983,4.20193256298,car-118,min_length
1260,2410,231,0,1260,374.60882043451727,4.61245611243,car-36,balanced
1261,1964,592,1,359,130.3865617957186,3.70397705278,car-69,min_length
1263,cluster_2272_2274,271,0,1263,204.62213794765475,4.25991971039,car-588,max_speed
1264,846,880,0,1264,265.74641942651795,3.14614958315,car-189,min_length
1264,2437,307,0,1264,247.6693070120921,4.73186681081,car-336,balanced
1264,2410,231,0,1264,374.60882043451727,2.96442770256,car-491,balanced
1266,2444,1096,0,1266,264.7640878329733,4.05610815421,car-44,balanced
1266,2363,231,0,1266,208.2925810657398,5.33093661573,car-116,max_speed
1266,1951,592,2,376,160.58824246798753,3.24280766692,car-24,balanced
1270,1898,573,0,1270,166.91872824640257,4.69281621698,car-93,min_length
1272,2568,880,1,816,358.6045855871506,3.52689894237,car-158,min_length
1273,2359,327,0,1273,184.6931826530612,4.41938881249,car-595,balanced
1273,2294,378,1,880,285.1609835367907,4.51161214966,car-475,max_speed
1274,2308,234,1,850,255.26597857256772,3.75786975325,car-32,max_speed
1276,1955,586,1,308,136.49207165892955,4.64868579249,car-50,max_speed
1278,1871,592,0,1278,149.05263753365955,3.93207092559,car-262,balanced
1278,1891,573,0,1278,169.02024012545226,5.18221194235,car-502,max_speed
1283,1898,573,1,367,166.91872824640257,3.77149572426,car-509,max_speed
1285,2363,231,0,1285,208.2925810657398,5.58056121612,car-329,balanced
1285,1955,573,1,397,148.88156049982229,3.66245513406,car-15,min_length
1287,1891,573,0,1287,169.02024012545226,5.22428203314,car-550,balanced
1287,2408,880,1,1007,268.66976335327627,3.48215545711,car-124,max_speed
1289,1968,573,1,318,140.90276049982228,3.0933538567,car-404,min_length
1293,2573,1096,0,1293,330.3502073779835,6.1238618655,car-567,balanced
1299,820,21,0,1299,288.6401930305568,3.51905768328,car-155,min_length
1306,2539,21,0,1306,345.95850080334503,5.64040782799,car-167,min_length
1306,2587,42,0,1306,347.66214122279575,4.46312080074,car-325,max_speed
1319,2332,cluster_281_283,1,908,163.53381754478067,4.91172331585,car-464,balanced
1333,2308,378,0,1333,264.2162056256262,5.98676919032,car-206,min_length
1337,2487,885,0,1337,430.65328442349164,4.11696773804,car-393,max_speed
1340,1898,592,0,1340,154.88273112617216,5.73793982695,car-176,min_length
1343,2298,271,1,858,253.98957310615623,4.29151754331,car-302,balanced
1345,1898,579,0,1345,160.2254237107654,4.86327093746,car-110,min_length
1345,2359,231,0,1345,206.387613463148,4.14300648691,car-529,min_length
1347,2332,327,0,1347,172.3291826530612,4.31556126645,car-455,max_speed
1347,2410,231,0,1347,374.60882043451727,3.67205215528,car-541,max_speed
1347,1891,592,1,897,156.98424300522186,4.69054583408,car-12,max_speed
1348,1898,579,0,1348,160.2254237107654,5.67253385288,car-245,min_length
1352,1898,586,1,353,154.52923940550983,3.88922508833,car-159,balanced
1355,1891,586,0,1355,156.63075128455952,4.98030541891,car-553,max_speed
1356,2571,21,0,1356,417.12489392646904,4.04922932581,car-230,balanced
1359,1891,579,1,958,162.3269355898151,4.54433738471,car-221,max_speed
1360,1891,592,1,899,156.98424300522186,4.4377091687,car-307,balanced
1360,1891,586,1,820,156.63075128455952,3.93867405892,car-441,max_speed
1362,1955,586,1,434,136.49207165892955,3.41609756516,car-139,balanced
1363,1988,573,2,364,192.52605970063442,4.54848021364,car-121,balanced
1367,cluster_2272_2274,271,0,1367,204.62213794765475,3.78395591258,car-149,min_length
1368,2410,234,0,1368,385.2186643720923,4.2562353611,car-243,max_speed
1368,cluster_794_797,880,1,472,256.53153441159157,3.82925312297,car-301,balanced
1369,2332,271,1,814,187.69664175227348,4.38419820309,car-527,balanced
1370,1988,586,1,477,180.13657085974168,3.12164695845,car-68,balanced
1371,1891,573,1,940,169.02024012545226,3.70393320221,car-178,balanced
1372,1891,586,1,841,156.63075128455952,4.60934890727,car-83,balanced
1373,2496,21,0,1373,329.48693852832713,4.66336401128,car-436,max_speed
1373,1891,586,1,803,156.63075128455952,4.06749129562,car-331,max_speed
1375,2573,21,0,1375,411.5295015578585,5.18948401233,car-269,balanced
1375,1891,586,1,913,156.63075128455952,5.22781068041,car-133,balanced
1377,1891,586,1,744,156.63075128455952,5.89107203678,car-244,max_speed
1386,2437,307,0,1386,247.6693070120921,5.56671507839,car-515,max_speed
1391,cluster_691_696,880,0,1391,268.9665198040992,4.27894916448,car-277,balanced
1392,cluster_2272_2274,234,0,1392,221.55895359610432,3.9703549663,car-25,min_length
1396,1898,586,0,1396,154.52923940550983,4.31429977298,car-145,min_length
