agent_0.plans , s1-s2, 0.262513, 0.130454, 0.000000, 0.005305, 0.012887 
agent_0.plans , s1-s3, 0.262513, 0.130454, 0.000000, 0.005305, 0.012887 
agent_0.plans , s2-s3, 0.000000, 1.000000, 100.000000, 0.000000, 0.000000 

agent_1.plans , s1-s2, 0.340558, 0.633620, 36.363636, 0.011052, 0.014197 
agent_1.plans , s1-s3, 0.357567, 0.619714, 0.000000, 0.012821, 0.014468 
agent_1.plans , s2-s3, 0.124123, 0.873005, 100.000000, 0.007958, 0.006666 

agent_10.plans , s1-s2, 0.155254, 0.000000, 0.000000, 0.007958, 0.006666 
agent_10.plans , s1-s3, 0.000000, 1.000000, 100.000000, 0.000000, 0.000000 
agent_10.plans , s2-s3, 0.135384, 0.000000, 0.000000, 0.007958, 0.006666 

agent_100.plans , s1-s2, 0.345723, 0.101671, 0.000000, 0.010610, 0.013935 
agent_100.plans , s1-s3, 0.252620, 0.326906, 100.000000, 0.005305, 0.012887 
agent_100.plans , s2-s3, 0.115018, 0.303654, 50.000000, 0.007958, 0.006062 

agent_101.plans , s1-s2, 0.365109, 0.021473, 0.000000, 0.010610, 0.014208 
agent_101.plans , s1-s3, 0.253793, 0.318039, 100.000000, 0.005305, 0.012887 
agent_101.plans , s2-s3, 0.133465, 0.108492, 50.000000, 0.007958, 0.006666 

agent_102.plans , s1-s2, 0.258867, 0.212236, 0.000000, 0.005305, 0.012887 
agent_102.plans , s1-s3, 0.258867, 0.212236, 0.000000, 0.005305, 0.012887 
agent_102.plans , s2-s3, 0.000000, 1.000000, 100.000000, 0.000000, 0.000000 

agent_103.plans , s1-s2, 0.259322, 0.204466, 0.000000, 0.005305, 0.012887 
agent_103.plans , s1-s3, 0.259322, 0.204466, 0.000000, 0.005305, 0.012887 
agent_103.plans , s2-s3, 0.000000, 1.000000, 100.000000, 0.000000, 0.000000 

agent_104.plans , s1-s2, 0.339697, 0.021957, 0.000000, 0.009726, 0.013923 
agent_104.plans , s1-s3, 0.257529, 0.250180, 100.000000, 0.005305, 0.012887 
agent_104.plans , s2-s3, 0.120323, 0.127718, 60.000000, 0.007073, 0.006035 

agent_105.plans , s1-s2, 0.363540, 0.034970, 0.000000, 0.010610, 0.014208 
agent_105.plans , s1-s3, 0.252700, 0.324500, 100.000000, 0.005305, 0.012887 
agent_105.plans , s2-s3, 0.132838, 0.139549, 50.000000, 0.007958, 0.006666 

agent_106.plans , s1-s2, 0.349100, 0.031440, 0.000000, 0.010610, 0.013935 
agent_106.plans , s1-s3, 0.255092, 0.290252, 100.000000, 0.005305, 0.012887 
agent_106.plans , s2-s3, 0.116241, 0.147040, 50.000000, 0.007958, 0.006062 

agent_107.plans , s1-s2, 1.220019, 0.000000, 14.285714, 0.019452, 0.038938 
agent_107.plans , s1-s3, 1.235073, 0.000000, 0.000000, 0.020336, 0.039061 
agent_107.plans , s2-s3, 0.160825, 0.618490, 100.000000, 0.014147, 0.007441 

agent_108.plans , s1-s2, 0.365109, 0.021473, 0.000000, 0.010610, 0.014208 
agent_108.plans , s1-s3, 0.253793, 0.318039, 100.000000, 0.005305, 0.012887 
agent_108.plans , s2-s3, 0.133465, 0.108492, 50.000000, 0.007958, 0.006666 

agent_109.plans , s1-s2, 0.349100, 0.031440, 0.000000, 0.010610, 0.013935 
agent_109.plans , s1-s3, 0.255092, 0.290252, 100.000000, 0.005305, 0.012887 
agent_109.plans , s2-s3, 0.116241, 0.147040, 50.000000, 0.007958, 0.006062 

agent_11.plans , s1-s2, 0.503556, 0.000000, 0.000000, 0.017683, 0.014782 
agent_11.plans , s1-s3, 0.386541, 0.272360, 81.818182, 0.009726, 0.013482 
agent_11.plans , s2-s3, 0.114084, 0.402758, 100.000000, 0.007958, 0.006062 

agent_110.plans , s1-s2, 0.182603, 0.000000, 0.000000, 0.011936, 0.007084 
agent_110.plans , s1-s3, 0.052924, 0.762525, 100.000000, 0.004863, 0.003710 
agent_110.plans , s2-s3, 0.109902, 0.268177, 68.750000, 0.007073, 0.006035 

agent_111.plans , s1-s2, 0.285302, 0.000000, 0.000000, 0.007073, 0.013041 
agent_111.plans , s1-s3, 0.249263, 0.139066, 100.000000, 0.003979, 0.012727 
agent_111.plans , s2-s3, 0.064024, 0.051446, 42.857143, 0.005747, 0.004090 

agent_112.plans , s1-s2, 0.000000, 1.000000, nan, 0.000000, 0.000000 
agent_112.plans , s1-s3, 0.000000, 1.000000, nan, 0.000000, 0.000000 
agent_112.plans , s2-s3, 0.000000, 1.000000, nan, 0.000000, 0.000000 

agent_113.plans , s1-s2, 0.296953, 0.033754, 0.000000, 0.008400, 0.013197 
agent_113.plans , s1-s3, 0.261378, 0.153495, 100.000000, 0.005305, 0.012887 
agent_113.plans , s2-s3, 0.063253, 0.244746, 85.714286, 0.005747, 0.004090 

agent_114.plans , s1-s2, 1.036916, 0.000000, 0.000000, 0.018568, 0.038922 
agent_114.plans , s1-s3, 0.043203, 0.992296, 100.000000, 0.004863, 0.003710 
agent_114.plans , s2-s3, 0.892503, 0.002983, 29.032258, 0.014589, 0.038857 

agent_115.plans , s1-s2, 0.347981, 0.000000, 0.000000, 0.009726, 0.013923 
agent_115.plans , s1-s3, 0.257329, 0.275046, 100.000000, 0.005305, 0.012887 
agent_115.plans , s2-s3, 0.111351, 0.069595, 60.000000, 0.007073, 0.006035 

agent_116.plans , s1-s2, 0.326102, 0.644458, 22.222222, 0.011052, 0.013924 
agent_116.plans , s1-s3, 0.339394, 0.630583, 0.000000, 0.011936, 0.014188 
agent_116.plans , s2-s3, 0.108339, 0.892651, 100.000000, 0.007958, 0.006062 

agent_117.plans , s1-s2, 0.355491, 0.066552, 0.000000, 0.011052, 0.014147 
agent_117.plans , s1-s3, 0.261295, 0.305871, 100.000000, 0.006189, 0.013031 
agent_117.plans , s2-s3, 0.131294, 0.208399, 63.636364, 0.007958, 0.006666 

agent_118.plans , s1-s2, 0.363540, 0.034970, 0.000000, 0.010610, 0.014208 
agent_118.plans , s1-s3, 0.252700, 0.324500, 100.000000, 0.005305, 0.012887 
agent_118.plans , s2-s3, 0.132838, 0.139549, 50.000000, 0.007958, 0.006666 

agent_119.plans , s1-s2, 0.365899, 0.014487, 0.000000, 0.010610, 0.014208 
agent_119.plans , s1-s3, 0.254343, 0.314741, 100.000000, 0.005305, 0.012887 
agent_119.plans , s2-s3, 0.133781, 0.092096, 50.000000, 0.007958, 0.006666 

agent_12.plans , s1-s2, 0.364323, 0.028298, 0.000000, 0.010610, 0.014208 
agent_12.plans , s1-s3, 0.253245, 0.321292, 100.000000, 0.005305, 0.012887 
agent_12.plans , s2-s3, 0.133151, 0.124299, 50.000000, 0.007958, 0.006666 

agent_120.plans , s1-s2, 0.327819, 0.121732, 0.000000, 0.010168, 0.013898 
agent_120.plans , s1-s3, 0.307978, 0.171014, 42.857143, 0.008842, 0.013635 
agent_120.plans , s2-s3, 0.116780, 0.356662, 100.000000, 0.007073, 0.006035 

agent_121.plans , s1-s2, 0.340444, 0.014814, 0.000000, 0.009726, 0.013923 
agent_121.plans , s1-s3, 0.258096, 0.245770, 100.000000, 0.005305, 0.012887 
agent_121.plans , s2-s3, 0.120609, 0.108746, 60.000000, 0.007073, 0.006035 

agent_122.plans , s1-s2, 0.348343, 0.038770, 0.000000, 0.010610, 0.013935 
agent_122.plans , s1-s3, 0.254538, 0.293906, 100.000000, 0.005305, 0.012887 
agent_122.plans , s2-s3, 0.115967, 0.164537, 50.000000, 0.007958, 0.006062 

agent_123.plans , s1-s2, 1.226174, 0.000000, 66.666667, 0.019452, 0.039037 
agent_123.plans , s1-s3, 1.245255, 0.000000, 0.000000, 0.021220, 0.039163 
agent_123.plans , s2-s3, 0.253482, 0.425040, 100.000000, 0.018568, 0.009366 

agent_124.plans , s1-s2, 0.322239, 0.000000, 0.000000, 0.008400, 0.013776 
agent_124.plans , s1-s3, 0.228936, 0.248825, 100.000000, 0.003979, 0.012727 
agent_124.plans , s2-s3, 0.110108, 0.320339, 30.000000, 0.007073, 0.006035 

agent_125.plans , s1-s2, 0.000000, 1.000000, nan, 0.000000, 0.000000 
agent_125.plans , s1-s3, 0.000000, 1.000000, nan, 0.000000, 0.000000 
agent_125.plans , s2-s3, 0.000000, 1.000000, nan, 0.000000, 0.000000 

agent_126.plans , s1-s2, 0.365109, 0.021473, 0.000000, 0.010610, 0.014208 
agent_126.plans , s1-s3, 0.253793, 0.318039, 100.000000, 0.005305, 0.012887 
agent_126.plans , s2-s3, 0.133465, 0.108492, 50.000000, 0.007958, 0.006666 

agent_127.plans , s1-s2, 0.050343, 0.939410, 100.000000, 0.004863, 0.003710 
agent_127.plans , s1-s3, 0.409042, 0.043467, 3.448276, 0.017241, 0.015514 
agent_127.plans , s2-s3, 0.403872, 0.043589, 0.000000, 0.017683, 0.015494 

agent_128.plans , s1-s2, 0.339697, 0.021957, 0.000000, 0.009726, 0.013923 
agent_128.plans , s1-s3, 0.257529, 0.250180, 100.000000, 0.005305, 0.012887 
agent_128.plans , s2-s3, 0.120323, 0.127718, 60.000000, 0.007073, 0.006035 

agent_129.plans , s1-s2, 1.049248, 0.000000, 0.000000, 0.019452, 0.039025 
agent_129.plans , s1-s3, 0.042931, 0.992331, 100.000000, 0.004863, 0.003710 
agent_129.plans , s2-s3, 0.906394, 0.002967, 27.272727, 0.015473, 0.038960 

agent_13.plans , s1-s2, 0.367488, 0.000000, 0.000000, 0.010610, 0.014208 
agent_13.plans , s1-s3, 0.255450, 0.308005, 100.000000, 0.005305, 0.012887 
agent_13.plans , s2-s3, 0.134418, 0.057400, 50.000000, 0.007958, 0.006666 

agent_130.plans , s1-s2, 0.360827, 0.093252, 0.000000, 0.010610, 0.014208 
agent_130.plans , s1-s3, 0.250809, 0.353757, 100.000000, 0.005305, 0.012887 
agent_130.plans , s2-s3, 0.131754, 0.264412, 50.000000, 0.007958, 0.006666 

agent_131.plans , s1-s2, 0.363540, 0.034970, 0.000000, 0.010610, 0.014208 
agent_131.plans , s1-s3, 0.252700, 0.324500, 100.000000, 0.005305, 0.012887 
agent_131.plans , s2-s3, 0.132838, 0.139549, 50.000000, 0.007958, 0.006666 

agent_132.plans , s1-s2, 0.262513, 0.130454, 0.000000, 0.005305, 0.012887 
agent_132.plans , s1-s3, 0.262513, 0.130454, 0.000000, 0.005305, 0.012887 
agent_132.plans , s2-s3, 0.000000, 1.000000, 100.000000, 0.000000, 0.000000 

agent_133.plans , s1-s2, 0.293364, 0.130927, 0.000000, 0.008400, 0.013197 
agent_133.plans , s1-s3, 0.258214, 0.221126, 100.000000, 0.005305, 0.012887 
agent_133.plans , s2-s3, 0.062426, 0.488353, 85.714286, 0.005747, 0.004090 

agent_134.plans , s1-s2, 0.310527, 0.651227, 22.222222, 0.010168, 0.013727 
agent_134.plans , s1-s3, 0.320969, 0.641860, 0.000000, 0.011052, 0.013903 
agent_134.plans , s2-s3, 0.095238, 0.906985, 100.000000, 0.007073, 0.005595 

agent_135.plans , s1-s2, 0.344964, 0.031724, 0.000000, 0.009726, 0.013923 
agent_135.plans , s1-s3, 0.255092, 0.290252, 100.000000, 0.005305, 0.012887 
agent_135.plans , s2-s3, 0.110293, 0.148366, 60.000000, 0.007073, 0.006035 

agent_136.plans , s1-s2, 0.074053, 0.000000, 0.000000, 0.005747, 0.004090 
agent_136.plans , s1-s3, 0.000000, 1.000000, 100.000000, 0.000000, 0.000000 
agent_136.plans , s2-s3, 0.064180, 0.000000, 0.000000, 0.005747, 0.004090 

agent_137.plans , s1-s2, 0.305094, 0.161522, 10.000000, 0.009726, 0.013477 
agent_137.plans , s1-s3, 0.312489, 0.150319, 0.000000, 0.010168, 0.013604 
agent_137.plans , s2-s3, 0.060608, 0.651804, 100.000000, 0.005747, 0.004090 

agent_138.plans , s1-s2, 0.363540, 0.034970, 0.000000, 0.010610, 0.014208 
agent_138.plans , s1-s3, 0.252700, 0.324500, 100.000000, 0.005305, 0.012887 
agent_138.plans , s2-s3, 0.132838, 0.139549, 50.000000, 0.007958, 0.006666 

agent_139.plans , s1-s2, 0.298281, 0.011862, 0.000000, 0.008400, 0.013197 
agent_139.plans , s1-s3, 0.262547, 0.139571, 100.000000, 0.005305, 0.012887 
agent_139.plans , s2-s3, 0.063559, 0.177869, 85.714286, 0.005747, 0.004090 

agent_14.plans , s1-s2, 0.296719, 0.088641, 0.000000, 0.008400, 0.013197 
agent_14.plans , s1-s3, 0.261171, 0.190598, 100.000000, 0.005305, 0.012887 
agent_14.plans , s2-s3, 0.063199, 0.392626, 85.714286, 0.005747, 0.004090 

agent_140.plans , s1-s2, 1.205704, 0.000000, 18.181818, 0.018126, 0.038784 
agent_140.plans , s1-s3, 1.220863, 0.000000, 0.000000, 0.019010, 0.038907 
agent_140.plans , s2-s3, 0.162034, 0.596163, 100.000000, 0.014147, 0.007441 

agent_141.plans , s1-s2, 0.338212, 0.035755, 0.000000, 0.009726, 0.013923 
agent_141.plans , s1-s3, 0.256404, 0.258757, 100.000000, 0.005305, 0.012887 
agent_141.plans , s2-s3, 0.119757, 0.163336, 60.000000, 0.007073, 0.006035 

agent_142.plans , s1-s2, 0.346466, 0.016322, 0.000000, 0.009726, 0.013923 
agent_142.plans , s1-s3, 0.256206, 0.282772, 100.000000, 0.005305, 0.012887 
agent_142.plans , s2-s3, 0.110820, 0.110753, 60.000000, 0.007073, 0.006035 

agent_143.plans , s1-s2, 1.036916, 0.000000, 0.000000, 0.018568, 0.038922 
agent_143.plans , s1-s3, 0.043203, 0.992296, 100.000000, 0.004863, 0.003710 
agent_143.plans , s2-s3, 0.892503, 0.002983, 29.032258, 0.014589, 0.038857 

agent_144.plans , s1-s2, 0.293458, 0.125789, 0.000000, 0.008400, 0.013197 
agent_144.plans , s1-s3, 0.258297, 0.217334, 100.000000, 0.005305, 0.012887 
agent_144.plans , s2-s3, 0.062447, 0.477517, 85.714286, 0.005747, 0.004090 

agent_145.plans , s1-s2, 0.291535, 0.145470, 0.000000, 0.008400, 0.013197 
agent_145.plans , s1-s3, 0.256603, 0.231976, 100.000000, 0.005305, 0.012887 
agent_145.plans , s2-s3, 0.062005, 0.517891, 85.714286, 0.005747, 0.004090 

agent_146.plans , s1-s2, 0.344218, 0.039111, 0.000000, 0.009726, 0.013923 
agent_146.plans , s1-s3, 0.254538, 0.293906, 100.000000, 0.005305, 0.012887 
agent_146.plans , s2-s3, 0.110032, 0.165984, 60.000000, 0.007073, 0.006035 

agent_147.plans , s1-s2, 0.291217, 0.184537, 0.000000, 0.008400, 0.013197 
agent_147.plans , s1-s3, 0.256322, 0.261928, 100.000000, 0.005305, 0.012887 
agent_147.plans , s2-s3, 0.061932, 0.589368, 85.714286, 0.005747, 0.004090 

agent_148.plans , s1-s2, 0.261343, 0.144974, 0.000000, 0.005305, 0.012887 
agent_148.plans , s1-s3, 0.261343, 0.144974, 0.000000, 0.005305, 0.012887 
agent_148.plans , s2-s3, 0.000000, 1.000000, 100.000000, 0.000000, 0.000000 

agent_149.plans , s1-s2, 0.296719, 0.088641, 0.000000, 0.008400, 0.013197 
agent_149.plans , s1-s3, 0.261171, 0.190598, 100.000000, 0.005305, 0.012887 
agent_149.plans , s2-s3, 0.063199, 0.392626, 85.714286, 0.005747, 0.004090 

agent_15.plans , s1-s2, 0.349859, 0.023911, 0.000000, 0.010610, 0.013935 
agent_15.plans , s1-s3, 0.255647, 0.286542, 100.000000, 0.005305, 0.012887 
agent_15.plans , s2-s3, 0.116516, 0.128781, 50.000000, 0.007958, 0.006062 

agent_150.plans , s1-s2, 0.310527, 0.651227, 22.222222, 0.010168, 0.013727 
agent_150.plans , s1-s3, 0.320969, 0.641860, 0.000000, 0.011052, 0.013903 
agent_150.plans , s2-s3, 0.095238, 0.906985, 100.000000, 0.007073, 0.005595 

agent_151.plans , s1-s2, 0.295638, 0.053609, 0.000000, 0.008400, 0.013197 
agent_151.plans , s1-s3, 0.260218, 0.166566, 100.000000, 0.005305, 0.012887 
agent_151.plans , s2-s3, 0.062949, 0.301454, 85.714286, 0.005747, 0.004090 

agent_152.plans , s1-s2, 0.296061, 0.096580, 0.000000, 0.008400, 0.013197 
agent_152.plans , s1-s3, 0.260591, 0.196208, 100.000000, 0.005305, 0.012887 
agent_152.plans , s2-s3, 0.063047, 0.411757, 85.714286, 0.005747, 0.004090 

agent_153.plans , s1-s2, 0.364323, 0.028298, 0.000000, 0.010610, 0.014208 
agent_153.plans , s1-s3, 0.253245, 0.321292, 100.000000, 0.005305, 0.012887 
agent_153.plans , s2-s3, 0.133151, 0.124299, 50.000000, 0.007958, 0.006666 

agent_154.plans , s1-s2, 0.258297, 0.217334, 0.000000, 0.005305, 0.012887 
agent_154.plans , s1-s3, 0.258297, 0.217334, 0.000000, 0.005305, 0.012887 
agent_154.plans , s2-s3, 0.000000, 1.000000, 100.000000, 0.000000, 0.000000 

agent_155.plans , s1-s2, 0.336740, 0.048947, 0.000000, 0.009726, 0.013923 
agent_155.plans , s1-s3, 0.255288, 0.267028, 100.000000, 0.005305, 0.012887 
agent_155.plans , s2-s3, 0.119195, 0.196160, 60.000000, 0.007073, 0.006035 

agent_156.plans , s1-s2, 0.328759, 0.000000, 0.000000, 0.008400, 0.013776 
agent_156.plans , s1-s3, 0.245547, 0.244559, 100.000000, 0.003979, 0.012727 
agent_156.plans , s2-s3, 0.121764, 0.023822, 30.000000, 0.007073, 0.006035 

agent_157.plans , s1-s2, 0.340444, 0.014814, 0.000000, 0.009726, 0.013923 
agent_157.plans , s1-s3, 0.258096, 0.245770, 100.000000, 0.005305, 0.012887 
agent_157.plans , s2-s3, 0.120609, 0.108746, 60.000000, 0.007073, 0.006035 

agent_158.plans , s1-s2, 0.341633, 0.102391, 0.000000, 0.009726, 0.013923 
agent_158.plans , s1-s3, 0.252620, 0.326906, 100.000000, 0.005305, 0.012887 
agent_158.plans , s2-s3, 0.109127, 0.305805, 60.000000, 0.007073, 0.006035 

agent_159.plans , s1-s2, 0.132715, 0.000000, 0.000000, 0.007073, 0.006035 
agent_159.plans , s1-s3, 0.000000, 1.000000, 100.000000, 0.000000, 0.000000 
agent_159.plans , s2-s3, 0.112158, 0.000000, 0.000000, 0.007073, 0.006035 

agent_16.plans , s1-s2, 1.218606, 0.000000, 100.000000, 0.018568, 0.038934 
agent_16.plans , s1-s3, 1.238201, 0.000000, 0.000000, 0.020778, 0.039047 
agent_16.plans , s2-s3, 0.253855, 0.428016, 80.000000, 0.019010, 0.009306 

agent_160.plans , s1-s2, 0.258297, 0.217334, 0.000000, 0.005305, 0.012887 
agent_160.plans , s1-s3, 0.258297, 0.217334, 0.000000, 0.005305, 0.012887 
agent_160.plans , s2-s3, 0.000000, 1.000000, 100.000000, 0.000000, 0.000000 

agent_161.plans , s1-s2, 0.298949, 0.000000, 0.000000, 0.008400, 0.013197 
agent_161.plans , s1-s3, 0.263136, 0.132247, 100.000000, 0.005305, 0.012887 
agent_161.plans , s2-s3, 0.063713, 0.139710, 85.714286, 0.005747, 0.004090 

agent_162.plans , s1-s2, 0.264286, 0.106567, 0.000000, 0.005305, 0.012887 
agent_162.plans , s1-s3, 0.264286, 0.106567, 0.000000, 0.005305, 0.012887 
agent_162.plans , s2-s3, 0.000000, 1.000000, 100.000000, 0.000000, 0.000000 

agent_163.plans , s1-s2, 0.330051, 0.104805, 0.000000, 0.010168, 0.013901 
agent_163.plans , s1-s3, 0.292339, 0.193116, 100.000000, 0.007073, 0.013445 
agent_163.plans , s2-s3, 0.117303, 0.322191, 100.000000, 0.007073, 0.006035 

agent_164.plans , s1-s2, 0.338212, 0.035755, 0.000000, 0.009726, 0.013923 
agent_164.plans , s1-s3, 0.256404, 0.258757, 100.000000, 0.005305, 0.012887 
agent_164.plans , s2-s3, 0.119757, 0.163336, 60.000000, 0.007073, 0.006035 

agent_165.plans , s1-s2, 0.310373, 0.195534, 22.222222, 0.011052, 0.011518 
agent_165.plans , s1-s3, 0.324126, 0.173575, 0.000000, 0.011936, 0.011836 
agent_165.plans , s2-s3, 0.112081, 0.416897, 100.000000, 0.007958, 0.006062 

agent_166.plans , s1-s2, 0.264286, 0.106567, 0.000000, 0.005305, 0.012887 
agent_166.plans , s1-s3, 0.264286, 0.106567, 0.000000, 0.005305, 0.012887 
agent_166.plans , s2-s3, 0.000000, 1.000000, 100.000000, 0.000000, 0.000000 

agent_167.plans , s1-s2, 0.000000, 1.000000, nan, 0.000000, 0.000000 
agent_167.plans , s1-s3, 0.000000, 1.000000, nan, 0.000000, 0.000000 
agent_167.plans , s2-s3, 0.000000, 1.000000, nan, 0.000000, 0.000000 

agent_168.plans , s1-s2, 0.347981, 0.000000, 0.000000, 0.009726, 0.013923 
agent_168.plans , s1-s3, 0.257329, 0.275046, 100.000000, 0.005305, 0.012887 
agent_168.plans , s2-s3, 0.111351, 0.069595, 60.000000, 0.007073, 0.006035 

agent_169.plans , s1-s2, 0.295638, 0.053609, 0.000000, 0.008400, 0.013197 
agent_169.plans , s1-s3, 0.260218, 0.166566, 100.000000, 0.005305, 0.012887 
agent_169.plans , s2-s3, 0.062949, 0.301454, 85.714286, 0.005747, 0.004090 

agent_17.plans , s1-s2, 0.331928, 0.040856, 0.000000, 0.009726, 0.013738 
agent_17.plans , s1-s3, 0.256404, 0.258757, 100.000000, 0.005305, 0.012887 
agent_17.plans , s2-s3, 0.101976, 0.186641, 60.000000, 0.007073, 0.005595 

agent_170.plans , s1-s2, 0.341949, 0.000000, 0.000000, 0.009726, 0.013923 
agent_170.plans , s1-s3, 0.259236, 0.236689, 100.000000, 0.005305, 0.012887 
agent_170.plans , s2-s3, 0.121184, 0.068215, 60.000000, 0.007073, 0.006035 

agent_171.plans , s1-s2, 0.261171, 0.190598, 0.000000, 0.005305, 0.012887 
agent_171.plans , s1-s3, 0.261171, 0.190598, 0.000000, 0.005305, 0.012887 
agent_171.plans , s2-s3, 0.000000, 1.000000, 100.000000, 0.000000, 0.000000 

agent_172.plans , s1-s2, 0.348343, 0.038770, 0.000000, 0.010610, 0.013935 
agent_172.plans , s1-s3, 0.254538, 0.293906, 100.000000, 0.005305, 0.012887 
agent_172.plans , s2-s3, 0.115967, 0.164537, 50.000000, 0.007958, 0.006062 

agent_173.plans , s1-s2, 0.338953, 0.028935, 0.000000, 0.009726, 0.013923 
agent_173.plans , s1-s3, 0.256965, 0.254508, 100.000000, 0.005305, 0.012887 
agent_173.plans , s2-s3, 0.120039, 0.145898, 60.000000, 0.007073, 0.006035 

agent_174.plans , s1-s2, 0.330051, 0.104805, 0.000000, 0.010168, 0.013901 
agent_174.plans , s1-s3, 0.292339, 0.193116, 100.000000, 0.007073, 0.013445 
agent_174.plans , s2-s3, 0.117303, 0.322191, 100.000000, 0.007073, 0.006035 

agent_175.plans , s1-s2, 0.293458, 0.125789, 0.000000, 0.008400, 0.013197 
agent_175.plans , s1-s3, 0.258297, 0.217334, 100.000000, 0.005305, 0.012887 
agent_175.plans , s2-s3, 0.062447, 0.477517, 85.714286, 0.005747, 0.004090 

agent_176.plans , s1-s2, 0.295638, 0.053609, 0.000000, 0.008400, 0.013197 
agent_176.plans , s1-s3, 0.260218, 0.166566, 100.000000, 0.005305, 0.012887 
agent_176.plans , s2-s3, 0.062949, 0.301454, 85.714286, 0.005747, 0.004090 

agent_177.plans , s1-s2, 0.050343, 0.939410, 100.000000, 0.004863, 0.003710 
agent_177.plans , s1-s3, 0.409042, 0.043467, 3.448276, 0.017241, 0.015514 
agent_177.plans , s2-s3, 0.403872, 0.043589, 0.000000, 0.017683, 0.015494 

agent_178.plans , s1-s2, 0.332654, 0.033169, 0.000000, 0.009726, 0.013738 
agent_178.plans , s1-s3, 0.256965, 0.254508, 100.000000, 0.005305, 0.012887 
agent_178.plans , s2-s3, 0.102218, 0.167245, 60.000000, 0.007073, 0.005595 

agent_179.plans , s1-s2, 0.346841, 0.052870, 0.000000, 0.010610, 0.013935 
agent_179.plans , s1-s3, 0.253439, 0.301048, 100.000000, 0.005305, 0.012887 
agent_179.plans , s2-s3, 0.115423, 0.197436, 50.000000, 0.007958, 0.006062 

agent_18.plans , s1-s2, 0.328759, 0.000000, 0.000000, 0.008400, 0.013776 
agent_18.plans , s1-s3, 0.245547, 0.244559, 100.000000, 0.003979, 0.012727 
agent_18.plans , s2-s3, 0.121764, 0.023822, 30.000000, 0.007073, 0.006035 

agent_180.plans , s1-s2, 0.316394, 0.641377, 22.222222, 0.010168, 0.013913 
agent_180.plans , s1-s3, 0.320969, 0.641860, 0.000000, 0.011052, 0.013903 
agent_180.plans , s2-s3, 0.111887, 0.893266, 100.000000, 0.007073, 0.006035 

agent_181.plans , s1-s2, 0.298281, 0.011862, 0.000000, 0.008400, 0.013197 
agent_181.plans , s1-s3, 0.262547, 0.139571, 100.000000, 0.005305, 0.012887 
agent_181.plans , s2-s3, 0.063559, 0.177869, 85.714286, 0.005747, 0.004090 

agent_182.plans , s1-s2, 0.261343, 0.144974, 0.000000, 0.005305, 0.012887 
agent_182.plans , s1-s3, 0.261343, 0.144974, 0.000000, 0.005305, 0.012887 
agent_182.plans , s2-s3, 0.000000, 1.000000, 100.000000, 0.000000, 0.000000 

agent_183.plans , s1-s2, 0.351388, 0.008203, 0.000000, 0.010610, 0.013935 
agent_183.plans , s1-s3, 0.256766, 0.278941, 100.000000, 0.005305, 0.012887 
agent_183.plans , s2-s3, 0.117071, 0.089772, 50.000000, 0.007958, 0.006062 

agent_184.plans , s1-s2, 0.365109, 0.021473, 0.000000, 0.010610, 0.014208 
agent_184.plans , s1-s3, 0.253793, 0.318039, 100.000000, 0.005305, 0.012887 
agent_184.plans , s2-s3, 0.133465, 0.108492, 50.000000, 0.007958, 0.006666 

agent_185.plans , s1-s2, 0.121726, 0.000000, 25.000000, 0.004421, 0.005908 
agent_185.plans , s1-s3, 0.072242, 0.487576, 100.000000, 0.003095, 0.004785 
agent_185.plans , s2-s3, 0.094902, 0.000000, 0.000000, 0.004863, 0.005812 

agent_186.plans , s1-s2, 0.338212, 0.035755, 0.000000, 0.009726, 0.013923 
agent_186.plans , s1-s3, 0.256404, 0.258757, 100.000000, 0.005305, 0.012887 
agent_186.plans , s2-s3, 0.119757, 0.163336, 60.000000, 0.007073, 0.006035 

agent_187.plans , s1-s2, 0.000000, 1.000000, nan, 0.000000, 0.000000 
agent_187.plans , s1-s3, 0.000000, 1.000000, nan, 0.000000, 0.000000 
agent_187.plans , s2-s3, 0.000000, 1.000000, nan, 0.000000, 0.000000 

agent_188.plans , s1-s2, 0.495541, 0.000000, 0.000000, 0.016799, 0.014771 
agent_188.plans , s1-s3, 0.389178, 0.239780, 72.727273, 0.009726, 0.013482 
agent_188.plans , s2-s3, 0.117815, 0.401856, 100.000000, 0.007073, 0.006035 

agent_189.plans , s1-s2, 0.315376, 0.000000, 0.000000, 0.008400, 0.013776 
agent_189.plans , s1-s3, 0.221012, 0.236819, 100.000000, 0.003979, 0.012727 
agent_189.plans , s2-s3, 0.109240, 0.409385, 30.000000, 0.007073, 0.006035 

agent_19.plans , s1-s2, 0.363540, 0.034970, 0.000000, 0.010610, 0.014208 
agent_19.plans , s1-s3, 0.252700, 0.324500, 100.000000, 0.005305, 0.012887 
agent_19.plans , s2-s3, 0.132838, 0.139549, 50.000000, 0.007958, 0.006666 

agent_190.plans , s1-s2, 0.000000, 1.000000, nan, 0.000000, 0.000000 
agent_190.plans , s1-s3, 0.000000, 1.000000, nan, 0.000000, 0.000000 
agent_190.plans , s2-s3, 0.000000, 1.000000, nan, 0.000000, 0.000000 

agent_191.plans , s1-s2, 0.347981, 0.000000, 0.000000, 0.009726, 0.013923 
agent_191.plans , s1-s3, 0.257329, 0.275046, 100.000000, 0.005305, 0.012887 
agent_191.plans , s2-s3, 0.111351, 0.069595, 60.000000, 0.007073, 0.006035 

agent_192.plans , s1-s2, 0.348343, 0.038770, 0.000000, 0.010610, 0.013935 
agent_192.plans , s1-s3, 0.254538, 0.293906, 100.000000, 0.005305, 0.012887 
agent_192.plans , s2-s3, 0.115967, 0.164537, 50.000000, 0.007958, 0.006062 

agent_193.plans , s1-s2, 0.123694, 0.670040, 0.000000, 0.010610, 0.005522 
agent_193.plans , s1-s3, 0.052977, 0.856142, 100.000000, 0.004863, 0.003710 
agent_193.plans , s2-s3, 0.061458, 0.817932, 84.615385, 0.005747, 0.004090 

agent_194.plans , s1-s2, 0.316394, 0.641377, 22.222222, 0.010168, 0.013913 
agent_194.plans , s1-s3, 0.320969, 0.641860, 0.000000, 0.011052, 0.013903 
agent_194.plans , s2-s3, 0.111887, 0.893266, 100.000000, 0.007073, 0.006035 

agent_195.plans , s1-s2, 0.360827, 0.093252, 0.000000, 0.010610, 0.014208 
agent_195.plans , s1-s3, 0.250809, 0.353757, 100.000000, 0.005305, 0.012887 
agent_195.plans , s2-s3, 0.131754, 0.264412, 50.000000, 0.007958, 0.006666 

agent_196.plans , s1-s2, 0.261927, 0.137840, 0.000000, 0.005305, 0.012887 
agent_196.plans , s1-s3, 0.261927, 0.137840, 0.000000, 0.005305, 0.012887 
agent_196.plans , s2-s3, 0.000000, 1.000000, 100.000000, 0.000000, 0.000000 

agent_197.plans , s1-s2, 0.363540, 0.034970, 0.000000, 0.010610, 0.014208 
agent_197.plans , s1-s3, 0.252700, 0.324500, 100.000000, 0.005305, 0.012887 
agent_197.plans , s2-s3, 0.132838, 0.139549, 50.000000, 0.007958, 0.006666 

agent_198.plans , s1-s2, 0.261927, 0.137840, 0.000000, 0.005305, 0.012887 
agent_198.plans , s1-s3, 0.261927, 0.137840, 0.000000, 0.005305, 0.012887 
agent_198.plans , s2-s3, 0.000000, 1.000000, 100.000000, 0.000000, 0.000000 

agent_199.plans , s1-s2, 0.344964, 0.031724, 0.000000, 0.009726, 0.013923 
agent_199.plans , s1-s3, 0.255092, 0.290252, 100.000000, 0.005305, 0.012887 
agent_199.plans , s2-s3, 0.110293, 0.148366, 60.000000, 0.007073, 0.006035 

agent_2.plans , s1-s2, 0.338953, 0.028935, 0.000000, 0.009726, 0.013923 
agent_2.plans , s1-s3, 0.256965, 0.254508, 100.000000, 0.005305, 0.012887 
agent_2.plans , s2-s3, 0.120039, 0.145898, 60.000000, 0.007073, 0.006035 

agent_20.plans , s1-s2, 0.339791, 0.093075, 0.000000, 0.011052, 0.013887 
agent_20.plans , s1-s3, 0.286910, 0.225432, 100.000000, 0.007073, 0.013381 
agent_20.plans , s2-s3, 0.114100, 0.285083, 77.777778, 0.007958, 0.006062 

agent_200.plans , s1-s2, 0.338212, 0.035755, 0.000000, 0.009726, 0.013923 
agent_200.plans , s1-s3, 0.256404, 0.258757, 100.000000, 0.005305, 0.012887 
agent_200.plans , s2-s3, 0.119757, 0.163336, 60.000000, 0.007073, 0.006035 

agent_201.plans , s1-s2, 1.035705, 0.000000, 0.000000, 0.018568, 0.038922 
agent_201.plans , s1-s3, 0.043478, 0.992262, 100.000000, 0.004863, 0.003710 
agent_201.plans , s2-s3, 0.895784, 0.002980, 29.032258, 0.014589, 0.038857 

agent_202.plans , s1-s2, 0.327025, 0.137668, 22.222222, 0.010168, 0.013904 
agent_202.plans , s1-s3, 0.331783, 0.138263, 0.000000, 0.011052, 0.013895 
agent_202.plans , s2-s3, 0.116262, 0.387797, 100.000000, 0.007073, 0.006035 

agent_203.plans , s1-s2, 0.348343, 0.038770, 0.000000, 0.010610, 0.013935 
agent_203.plans , s1-s3, 0.254538, 0.293906, 100.000000, 0.005305, 0.012887 
agent_203.plans , s2-s3, 0.115967, 0.164537, 50.000000, 0.007958, 0.006062 

agent_204.plans , s1-s2, 0.343476, 0.046304, 0.000000, 0.009726, 0.013923 
agent_204.plans , s1-s3, 0.253987, 0.297504, 100.000000, 0.005305, 0.012887 
agent_204.plans , s2-s3, 0.109772, 0.182878, 60.000000, 0.007073, 0.006035 

agent_205.plans , s1-s2, 0.495541, 0.000000, 0.000000, 0.016799, 0.014771 
agent_205.plans , s1-s3, 0.389178, 0.239780, 72.727273, 0.009726, 0.013482 
agent_205.plans , s2-s3, 0.117815, 0.401856, 100.000000, 0.007073, 0.006035 

agent_206.plans , s1-s2, 0.000000, 1.000000, nan, 0.000000, 0.000000 
agent_206.plans , s1-s3, 0.000000, 1.000000, nan, 0.000000, 0.000000 
agent_206.plans , s2-s3, 0.000000, 1.000000, nan, 0.000000, 0.000000 

agent_207.plans , s1-s2, 0.354658, 0.000000, 0.000000, 0.009284, 0.014063 
agent_207.plans , s1-s3, 0.241940, 0.315912, 100.000000, 0.003979, 0.012727 
agent_207.plans , s2-s3, 0.135061, 0.019906, 25.000000, 0.007958, 0.006666 

agent_208.plans , s1-s2, 0.293458, 0.125789, 0.000000, 0.008400, 0.013197 
agent_208.plans , s1-s3, 0.258297, 0.217334, 100.000000, 0.005305, 0.012887 
agent_208.plans , s2-s3, 0.062447, 0.477517, 85.714286, 0.005747, 0.004090 

agent_209.plans , s1-s2, 0.000000, 1.000000, nan, 0.000000, 0.000000 
agent_209.plans , s1-s3, 0.000000, 1.000000, nan, 0.000000, 0.000000 
agent_209.plans , s2-s3, 0.000000, 1.000000, nan, 0.000000, 0.000000 

agent_21.plans , s1-s2, 0.338212, 0.035755, 0.000000, 0.009726, 0.013923 
agent_21.plans , s1-s3, 0.256404, 0.258757, 100.000000, 0.005305, 0.012887 
agent_21.plans , s2-s3, 0.119757, 0.163336, 60.000000, 0.007073, 0.006035 

agent_210.plans , s1-s2, 0.262513, 0.130454, 0.000000, 0.005305, 0.012887 
agent_210.plans , s1-s3, 0.262513, 0.130454, 0.000000, 0.005305, 0.012887 
agent_210.plans , s2-s3, 0.000000, 1.000000, 100.000000, 0.000000, 0.000000 

agent_211.plans , s1-s2, 0.349859, 0.023911, 0.000000, 0.010610, 0.013935 
agent_211.plans , s1-s3, 0.255647, 0.286542, 100.000000, 0.005305, 0.012887 
agent_211.plans , s2-s3, 0.116516, 0.128781, 50.000000, 0.007958, 0.006062 

agent_212.plans , s1-s2, 0.352157, 0.000000, 0.000000, 0.010610, 0.013935 
agent_212.plans , s1-s3, 0.257329, 0.275046, 100.000000, 0.005305, 0.012887 
agent_212.plans , s2-s3, 0.117350, 0.068903, 50.000000, 0.007958, 0.006062 

agent_213.plans , s1-s2, 0.349100, 0.031440, 0.000000, 0.010610, 0.013935 
agent_213.plans , s1-s3, 0.255092, 0.290252, 100.000000, 0.005305, 0.012887 
agent_213.plans , s2-s3, 0.116241, 0.147040, 50.000000, 0.007958, 0.006062 

agent_214.plans , s1-s2, 0.348343, 0.038770, 0.000000, 0.010610, 0.013935 
agent_214.plans , s1-s3, 0.254538, 0.293906, 100.000000, 0.005305, 0.012887 
agent_214.plans , s2-s3, 0.115967, 0.164537, 50.000000, 0.007958, 0.006062 

agent_215.plans , s1-s2, 0.352157, 0.000000, 0.000000, 0.010610, 0.013935 
agent_215.plans , s1-s3, 0.257329, 0.275046, 100.000000, 0.005305, 0.012887 
agent_215.plans , s2-s3, 0.117350, 0.068903, 50.000000, 0.007958, 0.006062 

agent_216.plans , s1-s2, 0.341949, 0.000000, 0.000000, 0.009726, 0.013923 
agent_216.plans , s1-s3, 0.259236, 0.236689, 100.000000, 0.005305, 0.012887 
agent_216.plans , s2-s3, 0.121184, 0.068215, 60.000000, 0.007073, 0.006035 

agent_217.plans , s1-s2, 0.344964, 0.031724, 0.000000, 0.009726, 0.013923 
agent_217.plans , s1-s3, 0.255092, 0.290252, 100.000000, 0.005305, 0.012887 
agent_217.plans , s2-s3, 0.110293, 0.148366, 60.000000, 0.007073, 0.006035 

agent_218.plans , s1-s2, 0.341633, 0.102391, 0.000000, 0.009726, 0.013923 
agent_218.plans , s1-s3, 0.252620, 0.326906, 100.000000, 0.005305, 0.012887 
agent_218.plans , s2-s3, 0.109127, 0.305805, 60.000000, 0.007073, 0.006035 

agent_219.plans , s1-s2, 0.291217, 0.184537, 0.000000, 0.008400, 0.013197 
agent_219.plans , s1-s3, 0.256322, 0.261928, 100.000000, 0.005305, 0.012887 
agent_219.plans , s2-s3, 0.061932, 0.589368, 85.714286, 0.005747, 0.004090 

agent_22.plans , s1-s2, 0.339697, 0.021957, 0.000000, 0.009726, 0.013923 
agent_22.plans , s1-s3, 0.257529, 0.250180, 100.000000, 0.005305, 0.012887 
agent_22.plans , s2-s3, 0.120323, 0.127718, 60.000000, 0.007073, 0.006035 

agent_220.plans , s1-s2, 0.123531, 0.000000, 0.000000, 0.007073, 0.006035 
agent_220.plans , s1-s3, 0.000000, 1.000000, 100.000000, 0.000000, 0.000000 
agent_220.plans , s2-s3, 0.122056, 0.000000, 0.000000, 0.007073, 0.006035 

agent_221.plans , s1-s2, 0.341949, 0.000000, 0.000000, 0.009726, 0.013923 
agent_221.plans , s1-s3, 0.259236, 0.236689, 100.000000, 0.005305, 0.012887 
agent_221.plans , s2-s3, 0.121184, 0.068215, 60.000000, 0.007073, 0.006035 

agent_222.plans , s1-s2, 0.338953, 0.028935, 0.000000, 0.009726, 0.013923 
agent_222.plans , s1-s3, 0.256965, 0.254508, 100.000000, 0.005305, 0.012887 
agent_222.plans , s2-s3, 0.120039, 0.145898, 60.000000, 0.007073, 0.006035 

agent_223.plans , s1-s2, 0.076703, 0.336985, 0.000000, 0.003095, 0.004785 
agent_223.plans , s1-s3, 0.000000, 1.000000, 100.000000, 0.000000, 0.000000 
agent_223.plans , s2-s3, 0.066737, 0.336985, 0.000000, 0.003095, 0.004785 

agent_224.plans , s1-s2, 0.366692, 0.007332, 0.000000, 0.010610, 0.014208 
agent_224.plans , s1-s3, 0.254895, 0.311397, 100.000000, 0.005305, 0.012887 
agent_224.plans , s2-s3, 0.134099, 0.075078, 50.000000, 0.007958, 0.006666 

agent_225.plans , s1-s2, 0.293458, 0.125789, 0.000000, 0.008400, 0.013197 
agent_225.plans , s1-s3, 0.258297, 0.217334, 100.000000, 0.005305, 0.012887 
agent_225.plans , s2-s3, 0.062447, 0.477517, 85.714286, 0.005747, 0.004090 

agent_226.plans , s1-s2, 0.302287, 0.653568, 0.000000, 0.010168, 0.013612 
agent_226.plans , s1-s3, 0.302287, 0.653568, 0.000000, 0.010168, 0.013612 
agent_226.plans , s2-s3, 0.000000, 1.000000, 100.000000, 0.000000, 0.000000 

agent_227.plans , s1-s2, 0.348343, 0.038770, 0.000000, 0.010610, 0.013935 
agent_227.plans , s1-s3, 0.254538, 0.293906, 100.000000, 0.005305, 0.012887 
agent_227.plans , s2-s3, 0.115967, 0.164537, 50.000000, 0.007958, 0.006062 

agent_228.plans , s1-s2, 0.348343, 0.038770, 0.000000, 0.010610, 0.013935 
agent_228.plans , s1-s3, 0.254538, 0.293906, 100.000000, 0.005305, 0.012887 
agent_228.plans , s2-s3, 0.115967, 0.164537, 50.000000, 0.007958, 0.006062 

agent_229.plans , s1-s2, 0.000000, 1.000000, nan, 0.000000, 0.000000 
agent_229.plans , s1-s3, 0.000000, 1.000000, nan, 0.000000, 0.000000 
agent_229.plans , s2-s3, 0.000000, 1.000000, nan, 0.000000, 0.000000 

agent_23.plans , s1-s2, 0.295638, 0.053609, 0.000000, 0.008400, 0.013197 
agent_23.plans , s1-s3, 0.260218, 0.166566, 100.000000, 0.005305, 0.012887 
agent_23.plans , s2-s3, 0.062949, 0.301454, 85.714286, 0.005747, 0.004090 

agent_230.plans , s1-s2, 0.338212, 0.035755, 0.000000, 0.009726, 0.013923 
agent_230.plans , s1-s3, 0.256404, 0.258757, 100.000000, 0.005305, 0.012887 
agent_230.plans , s2-s3, 0.119757, 0.163336, 60.000000, 0.007073, 0.006035 

agent_231.plans , s1-s2, 0.298949, 0.000000, 0.000000, 0.008400, 0.013197 
agent_231.plans , s1-s3, 0.263136, 0.132247, 100.000000, 0.005305, 0.012887 
agent_231.plans , s2-s3, 0.063713, 0.139710, 85.714286, 0.005747, 0.004090 

agent_232.plans , s1-s2, 0.354658, 0.000000, 0.000000, 0.009284, 0.014063 
agent_232.plans , s1-s3, 0.241940, 0.315912, 100.000000, 0.003979, 0.012727 
agent_232.plans , s2-s3, 0.135061, 0.019906, 25.000000, 0.007958, 0.006666 

agent_233.plans , s1-s2, 0.365109, 0.021473, 0.000000, 0.010610, 0.014208 
agent_233.plans , s1-s3, 0.253793, 0.318039, 100.000000, 0.005305, 0.012887 
agent_233.plans , s2-s3, 0.133465, 0.108492, 50.000000, 0.007958, 0.006666 

agent_234.plans , s1-s2, 1.142000, 0.000000, 14.285714, 0.019452, 0.038941 
agent_234.plans , s1-s3, 1.155925, 0.000000, 0.000000, 0.020336, 0.039064 
agent_234.plans , s2-s3, 0.151003, 0.921000, 100.000000, 0.014147, 0.007441 

agent_235.plans , s1-s2, 0.349859, 0.023911, 0.000000, 0.010610, 0.013935 
agent_235.plans , s1-s3, 0.255647, 0.286542, 100.000000, 0.005305, 0.012887 
agent_235.plans , s2-s3, 0.116516, 0.128781, 50.000000, 0.007958, 0.006062 

agent_236.plans , s1-s2, 0.339697, 0.021957, 0.000000, 0.009726, 0.013923 
agent_236.plans , s1-s3, 0.257529, 0.250180, 100.000000, 0.005305, 0.012887 
agent_236.plans , s2-s3, 0.120323, 0.127718, 60.000000, 0.007073, 0.006035 

agent_237.plans , s1-s2, 0.355491, 0.066552, 0.000000, 0.011052, 0.014147 
agent_237.plans , s1-s3, 0.261295, 0.305871, 100.000000, 0.006189, 0.013031 
agent_237.plans , s2-s3, 0.131294, 0.208399, 63.636364, 0.007958, 0.006666 

agent_238.plans , s1-s2, 0.293458, 0.125789, 0.000000, 0.008400, 0.013197 
agent_238.plans , s1-s3, 0.258297, 0.217334, 100.000000, 0.005305, 0.012887 
agent_238.plans , s2-s3, 0.062447, 0.477517, 85.714286, 0.005747, 0.004090 

agent_239.plans , s1-s2, 0.295638, 0.053609, 0.000000, 0.008400, 0.013197 
agent_239.plans , s1-s3, 0.260218, 0.166566, 100.000000, 0.005305, 0.012887 
agent_239.plans , s2-s3, 0.062949, 0.301454, 85.714286, 0.005747, 0.004090 

agent_24.plans , s1-s2, 0.344218, 0.039111, 0.000000, 0.009726, 0.013923 
agent_24.plans , s1-s3, 0.254538, 0.293906, 100.000000, 0.005305, 0.012887 
agent_24.plans , s2-s3, 0.110032, 0.165984, 60.000000, 0.007073, 0.006035 

agent_240.plans , s1-s2, 0.340558, 0.633620, 36.363636, 0.011052, 0.014197 
agent_240.plans , s1-s3, 0.357567, 0.619714, 0.000000, 0.012821, 0.014468 
agent_240.plans , s2-s3, 0.124123, 0.873005, 100.000000, 0.007958, 0.006666 

agent_241.plans , s1-s2, 0.261343, 0.144974, 0.000000, 0.005305, 0.012887 
agent_241.plans , s1-s3, 0.261343, 0.144974, 0.000000, 0.005305, 0.012887 
agent_241.plans , s2-s3, 0.000000, 1.000000, 100.000000, 0.000000, 0.000000 

agent_242.plans , s1-s2, 0.348343, 0.038770, 0.000000, 0.010610, 0.013935 
agent_242.plans , s1-s3, 0.254538, 0.293906, 100.000000, 0.005305, 0.012887 
agent_242.plans , s2-s3, 0.115967, 0.164537, 50.000000, 0.007958, 0.006062 

agent_243.plans , s1-s2, 0.349100, 0.031440, 0.000000, 0.010610, 0.013935 
agent_243.plans , s1-s3, 0.255092, 0.290252, 100.000000, 0.005305, 0.012887 
agent_243.plans , s2-s3, 0.116241, 0.147040, 50.000000, 0.007958, 0.006062 

agent_244.plans , s1-s2, 0.294104, 0.118833, 0.000000, 0.008400, 0.013197 
agent_244.plans , s1-s3, 0.258867, 0.212236, 100.000000, 0.005305, 0.012887 
agent_244.plans , s2-s3, 0.062596, 0.462504, 85.714286, 0.005747, 0.004090 

agent_245.plans , s1-s2, 0.341949, 0.000000, 0.000000, 0.009726, 0.013923 
agent_245.plans , s1-s3, 0.259236, 0.236689, 100.000000, 0.005305, 0.012887 
agent_245.plans , s2-s3, 0.121184, 0.068215, 60.000000, 0.007073, 0.006035 

agent_246.plans , s1-s2, 1.218606, 0.000000, 100.000000, 0.018568, 0.038934 
agent_246.plans , s1-s3, 1.238201, 0.000000, 0.000000, 0.020778, 0.039047 
agent_246.plans , s2-s3, 0.253855, 0.428016, 80.000000, 0.019010, 0.009306 

agent_247.plans , s1-s2, 0.352157, 0.000000, 0.000000, 0.010610, 0.013935 
agent_247.plans , s1-s3, 0.257329, 0.275046, 100.000000, 0.005305, 0.012887 
agent_247.plans , s2-s3, 0.117350, 0.068903, 50.000000, 0.007958, 0.006062 

agent_248.plans , s1-s2, 0.261927, 0.137840, 0.000000, 0.005305, 0.012887 
agent_248.plans , s1-s3, 0.261927, 0.137840, 0.000000, 0.005305, 0.012887 
agent_248.plans , s2-s3, 0.000000, 1.000000, 100.000000, 0.000000, 0.000000 

agent_249.plans , s1-s2, 0.295638, 0.053609, 0.000000, 0.008400, 0.013197 
agent_249.plans , s1-s3, 0.260218, 0.166566, 100.000000, 0.005305, 0.012887 
agent_249.plans , s2-s3, 0.062949, 0.301454, 85.714286, 0.005747, 0.004090 

agent_25.plans , s1-s2, 0.344218, 0.039111, 0.000000, 0.009726, 0.013923 
agent_25.plans , s1-s3, 0.254538, 0.293906, 100.000000, 0.005305, 0.012887 
agent_25.plans , s2-s3, 0.110032, 0.165984, 60.000000, 0.007073, 0.006035 

agent_250.plans , s1-s2, 0.295175, 0.660406, 10.000000, 0.009726, 0.013486 
agent_250.plans , s1-s3, 0.302287, 0.653568, 0.000000, 0.010168, 0.013612 
agent_250.plans , s2-s3, 0.058307, 0.949302, 100.000000, 0.005747, 0.004090 

agent_251.plans , s1-s2, 0.339697, 0.021957, 0.000000, 0.009726, 0.013923 
agent_251.plans , s1-s3, 0.257529, 0.250180, 100.000000, 0.005305, 0.012887 
agent_251.plans , s2-s3, 0.120323, 0.127718, 60.000000, 0.007073, 0.006035 

agent_252.plans , s1-s2, 0.274346, 0.670226, 0.000000, 0.008400, 0.013207 
agent_252.plans , s1-s3, 0.274346, 0.670226, 0.000000, 0.008400, 0.013207 
agent_252.plans , s2-s3, 0.000000, 1.000000, 100.000000, 0.000000, 0.000000 

agent_253.plans , s1-s2, 0.364323, 0.028298, 0.000000, 0.010610, 0.014208 
agent_253.plans , s1-s3, 0.253245, 0.321292, 100.000000, 0.005305, 0.012887 
agent_253.plans , s2-s3, 0.133151, 0.124299, 50.000000, 0.007958, 0.006666 

agent_254.plans , s1-s2, 0.261343, 0.144974, 0.000000, 0.005305, 0.012887 
agent_254.plans , s1-s3, 0.261343, 0.144974, 0.000000, 0.005305, 0.012887 
agent_254.plans , s2-s3, 0.000000, 1.000000, 100.000000, 0.000000, 0.000000 

agent_255.plans , s1-s2, 0.338122, 0.073508, 0.000000, 0.010168, 0.013891 
agent_255.plans , s1-s3, 0.252335, 0.304810, 100.000000, 0.006189, 0.012892 
agent_255.plans , s2-s3, 0.108744, 0.244036, 77.777778, 0.007073, 0.006035 

agent_256.plans , s1-s2, 0.346466, 0.016322, 0.000000, 0.009726, 0.013923 
agent_256.plans , s1-s3, 0.256206, 0.282772, 100.000000, 0.005305, 0.012887 
agent_256.plans , s2-s3, 0.110820, 0.110753, 60.000000, 0.007073, 0.006035 

agent_257.plans , s1-s2, 0.332654, 0.033169, 0.000000, 0.009726, 0.013738 
agent_257.plans , s1-s3, 0.256965, 0.254508, 100.000000, 0.005305, 0.012887 
agent_257.plans , s2-s3, 0.102218, 0.167245, 60.000000, 0.007073, 0.005595 

agent_258.plans , s1-s2, 0.350622, 0.016169, 0.000000, 0.010610, 0.013935 
agent_258.plans , s1-s3, 0.256206, 0.282772, 100.000000, 0.005305, 0.012887 
agent_258.plans , s2-s3, 0.116793, 0.109711, 50.000000, 0.007958, 0.006062 

agent_259.plans , s1-s2, 0.000000, 1.000000, nan, 0.000000, 0.000000 
agent_259.plans , s1-s3, 0.000000, 1.000000, nan, 0.000000, 0.000000 
agent_259.plans , s2-s3, 0.000000, 1.000000, nan, 0.000000, 0.000000 

agent_26.plans , s1-s2, 0.363540, 0.034970, 0.000000, 0.010610, 0.014208 
agent_26.plans , s1-s3, 0.252700, 0.324500, 100.000000, 0.005305, 0.012887 
agent_26.plans , s2-s3, 0.132838, 0.139549, 50.000000, 0.007958, 0.006666 

agent_260.plans , s1-s2, 0.136811, 0.000000, 0.000000, 0.007958, 0.006062 
agent_260.plans , s1-s3, 0.000000, 1.000000, 100.000000, 0.000000, 0.000000 
agent_260.plans , s2-s3, 0.118196, 0.000000, 0.000000, 0.007958, 0.006062 

agent_261.plans , s1-s2, 0.363540, 0.034970, 0.000000, 0.010610, 0.014208 
agent_261.plans , s1-s3, 0.252700, 0.324500, 100.000000, 0.005305, 0.012887 
agent_261.plans , s2-s3, 0.132838, 0.139549, 50.000000, 0.007958, 0.006666 

agent_262.plans , s1-s2, 0.155254, 0.000000, 0.000000, 0.007958, 0.006666 
agent_262.plans , s1-s3, 0.000000, 1.000000, 100.000000, 0.000000, 0.000000 
agent_262.plans , s2-s3, 0.135384, 0.000000, 0.000000, 0.007958, 0.006666 

agent_263.plans , s1-s2, 0.295638, 0.053609, 0.000000, 0.008400, 0.013197 
agent_263.plans , s1-s3, 0.260218, 0.166566, 100.000000, 0.005305, 0.012887 
agent_263.plans , s2-s3, 0.062949, 0.301454, 85.714286, 0.005747, 0.004090 

agent_264.plans , s1-s2, 0.295175, 0.660406, 10.000000, 0.009726, 0.013486 
agent_264.plans , s1-s3, 0.302287, 0.653568, 0.000000, 0.010168, 0.013612 
agent_264.plans , s2-s3, 0.058307, 0.949302, 100.000000, 0.005747, 0.004090 

agent_265.plans , s1-s2, 0.296953, 0.033754, 0.000000, 0.008400, 0.013197 
agent_265.plans , s1-s3, 0.261378, 0.153495, 100.000000, 0.005305, 0.012887 
agent_265.plans , s2-s3, 0.063253, 0.244746, 85.714286, 0.005747, 0.004090 

agent_266.plans , s1-s2, 1.115100, 0.004672, 100.000000, 0.016357, 0.038755 
agent_266.plans , s1-s3, 1.145882, 0.000000, 0.000000, 0.019894, 0.038947 
agent_266.plans , s2-s3, 0.203012, 0.899396, 50.000000, 0.018126, 0.008386 

agent_267.plans , s1-s2, 0.293458, 0.125789, 0.000000, 0.008400, 0.013197 
agent_267.plans , s1-s3, 0.258297, 0.217334, 100.000000, 0.005305, 0.012887 
agent_267.plans , s2-s3, 0.062447, 0.477517, 85.714286, 0.005747, 0.004090 

agent_268.plans , s1-s2, 0.344218, 0.039111, 0.000000, 0.009726, 0.013923 
agent_268.plans , s1-s3, 0.254538, 0.293906, 100.000000, 0.005305, 0.012887 
agent_268.plans , s2-s3, 0.110032, 0.165984, 60.000000, 0.007073, 0.006035 

agent_269.plans , s1-s2, 0.000000, 1.000000, nan, 0.000000, 0.000000 
agent_269.plans , s1-s3, 0.000000, 1.000000, nan, 0.000000, 0.000000 
agent_269.plans , s2-s3, 0.000000, 1.000000, nan, 0.000000, 0.000000 

agent_27.plans , s1-s2, 0.261343, 0.144974, 0.000000, 0.005305, 0.012887 
agent_27.plans , s1-s3, 0.261343, 0.144974, 0.000000, 0.005305, 0.012887 
agent_27.plans , s2-s3, 0.000000, 1.000000, 100.000000, 0.000000, 0.000000 

agent_270.plans , s1-s2, 0.342736, 0.053313, 0.000000, 0.009726, 0.013923 
agent_270.plans , s1-s3, 0.253439, 0.301048, 100.000000, 0.005305, 0.012887 
agent_270.plans , s2-s3, 0.109513, 0.199090, 60.000000, 0.007073, 0.006035 

agent_271.plans , s1-s2, 0.323176, 0.116450, 0.000000, 0.010168, 0.013714 
agent_271.plans , s1-s3, 0.299798, 0.174762, 71.428571, 0.007958, 0.013538 
agent_271.plans , s2-s3, 0.099874, 0.357966, 100.000000, 0.007073, 0.005595 

agent_272.plans , s1-s2, 0.340558, 0.633620, 36.363636, 0.011052, 0.014197 
agent_272.plans , s1-s3, 0.357567, 0.619714, 0.000000, 0.012821, 0.014468 
agent_272.plans , s2-s3, 0.124123, 0.873005, 100.000000, 0.007958, 0.006666 

agent_273.plans , s1-s2, 1.218606, 0.000000, 100.000000, 0.018568, 0.038934 
agent_273.plans , s1-s3, 1.238201, 0.000000, 0.000000, 0.020778, 0.039047 
agent_273.plans , s2-s3, 0.253855, 0.428016, 80.000000, 0.019010, 0.009306 

agent_28.plans , s1-s2, 0.338122, 0.073508, 0.000000, 0.010168, 0.013891 
agent_28.plans , s1-s3, 0.252335, 0.304810, 100.000000, 0.006189, 0.012892 
agent_28.plans , s2-s3, 0.108744, 0.244036, 77.777778, 0.007073, 0.006035 

agent_29.plans , s1-s2, 0.364323, 0.028298, 0.000000, 0.010610, 0.014208 
agent_29.plans , s1-s3, 0.253245, 0.321292, 100.000000, 0.005305, 0.012887 
agent_29.plans , s2-s3, 0.133151, 0.124299, 50.000000, 0.007958, 0.006666 

agent_3.plans , s1-s2, 0.258867, 0.212236, 0.000000, 0.005305, 0.012887 
agent_3.plans , s1-s3, 0.258867, 0.212236, 0.000000, 0.005305, 0.012887 
agent_3.plans , s2-s3, 0.000000, 1.000000, 100.000000, 0.000000, 0.000000 

agent_30.plans , s1-s2, 0.295638, 0.053609, 0.000000, 0.008400, 0.013197 
agent_30.plans , s1-s3, 0.260218, 0.166566, 100.000000, 0.005305, 0.012887 
agent_30.plans , s2-s3, 0.062949, 0.301454, 85.714286, 0.005747, 0.004090 

agent_31.plans , s1-s2, 0.293458, 0.125789, 0.000000, 0.008400, 0.013197 
agent_31.plans , s1-s3, 0.258297, 0.217334, 100.000000, 0.005305, 0.012887 
agent_31.plans , s2-s3, 0.062447, 0.477517, 85.714286, 0.005747, 0.004090 

agent_32.plans , s1-s2, 0.339791, 0.093075, 0.000000, 0.011052, 0.013887 
agent_32.plans , s1-s3, 0.286910, 0.225432, 100.000000, 0.007073, 0.013381 
agent_32.plans , s2-s3, 0.114100, 0.285083, 77.777778, 0.007958, 0.006062 

agent_33.plans , s1-s2, 0.274346, 0.670226, 0.000000, 0.008400, 0.013207 
agent_33.plans , s1-s3, 0.274346, 0.670226, 0.000000, 0.008400, 0.013207 
agent_33.plans , s2-s3, 0.000000, 1.000000, 100.000000, 0.000000, 0.000000 

agent_34.plans , s1-s2, 0.363540, 0.034970, 0.000000, 0.010610, 0.014208 
agent_34.plans , s1-s3, 0.252700, 0.324500, 100.000000, 0.005305, 0.012887 
agent_34.plans , s2-s3, 0.132838, 0.139549, 50.000000, 0.007958, 0.006666 

agent_35.plans , s1-s2, 0.349859, 0.023911, 0.000000, 0.010610, 0.013935 
agent_35.plans , s1-s3, 0.255647, 0.286542, 100.000000, 0.005305, 0.012887 
agent_35.plans , s2-s3, 0.116516, 0.128781, 50.000000, 0.007958, 0.006062 

agent_36.plans , s1-s2, 0.276176, 0.672873, 12.500000, 0.008842, 0.013186 
agent_36.plans , s1-s3, 0.283343, 0.665733, 0.000000, 0.009284, 0.013315 
agent_36.plans , s2-s3, 0.058744, 0.948041, 100.000000, 0.005747, 0.004090 

agent_37.plans , s1-s2, 0.302287, 0.653568, 0.000000, 0.010168, 0.013612 
agent_37.plans , s1-s3, 0.302287, 0.653568, 0.000000, 0.010168, 0.013612 
agent_37.plans , s2-s3, 0.000000, 1.000000, 100.000000, 0.000000, 0.000000 

agent_38.plans , s1-s2, 0.261343, 0.144974, 0.000000, 0.005305, 0.012887 
agent_38.plans , s1-s3, 0.261343, 0.144974, 0.000000, 0.005305, 0.012887 
agent_38.plans , s2-s3, 0.000000, 1.000000, 100.000000, 0.000000, 0.000000 

agent_39.plans , s1-s2, 0.309201, 0.205439, 30.000000, 0.010610, 0.012005 
agent_39.plans , s1-s3, 0.326823, 0.181940, 0.000000, 0.011936, 0.012328 
agent_39.plans , s2-s3, 0.105643, 0.445930, 100.000000, 0.007515, 0.006025 

agent_4.plans , s1-s2, 0.334555, 0.067710, 0.000000, 0.009726, 0.013923 
agent_4.plans , s1-s3, 0.253633, 0.278913, 100.000000, 0.005305, 0.012887 
agent_4.plans , s2-s3, 0.118363, 0.240835, 60.000000, 0.007073, 0.006035 

agent_40.plans , s1-s2, 0.000000, 1.000000, nan, 0.000000, 0.000000 
agent_40.plans , s1-s3, 0.000000, 1.000000, nan, 0.000000, 0.000000 
agent_40.plans , s2-s3, 0.000000, 1.000000, nan, 0.000000, 0.000000 

agent_41.plans , s1-s2, 0.361985, 0.047878, 0.000000, 0.010610, 0.014208 
agent_41.plans , s1-s3, 0.251616, 0.330791, 100.000000, 0.005305, 0.012887 
agent_41.plans , s2-s3, 0.132216, 0.168493, 50.000000, 0.007958, 0.006666 

agent_42.plans , s1-s2, 0.224433, 0.152233, 0.000000, 0.003979, 0.012727 
agent_42.plans , s1-s3, 0.224433, 0.152233, 0.000000, 0.003979, 0.012727 
agent_42.plans , s2-s3, 0.000000, 1.000000, 100.000000, 0.000000, 0.000000 

agent_43.plans , s1-s2, 0.000000, 1.000000, nan, 0.000000, 0.000000 
agent_43.plans , s1-s3, 0.000000, 1.000000, nan, 0.000000, 0.000000 
agent_43.plans , s2-s3, 0.000000, 1.000000, nan, 0.000000, 0.000000 

agent_44.plans , s1-s2, 0.344218, 0.039111, 0.000000, 0.009726, 0.013923 
agent_44.plans , s1-s3, 0.254538, 0.293906, 100.000000, 0.005305, 0.012887 
agent_44.plans , s2-s3, 0.110032, 0.165984, 60.000000, 0.007073, 0.006035 

agent_45.plans , s1-s2, 0.338212, 0.035755, 0.000000, 0.009726, 0.013923 
agent_45.plans , s1-s3, 0.256404, 0.258757, 100.000000, 0.005305, 0.012887 
agent_45.plans , s2-s3, 0.119757, 0.163336, 60.000000, 0.007073, 0.006035 

agent_46.plans , s1-s2, 0.322259, 0.645069, 36.363636, 0.010168, 0.013913 
agent_46.plans , s1-s3, 0.339394, 0.630583, 0.000000, 0.011936, 0.014188 
agent_46.plans , s2-s3, 0.102762, 0.893496, 100.000000, 0.007073, 0.006035 

agent_47.plans , s1-s2, 0.296719, 0.088641, 0.000000, 0.008400, 0.013197 
agent_47.plans , s1-s3, 0.261171, 0.190598, 100.000000, 0.005305, 0.012887 
agent_47.plans , s2-s3, 0.063199, 0.392626, 85.714286, 0.005747, 0.004090 

agent_48.plans , s1-s2, 0.345723, 0.101671, 0.000000, 0.010610, 0.013935 
agent_48.plans , s1-s3, 0.252620, 0.326906, 100.000000, 0.005305, 0.012887 
agent_48.plans , s2-s3, 0.115018, 0.303654, 50.000000, 0.007958, 0.006062 

agent_49.plans , s1-s2, 0.347981, 0.000000, 0.000000, 0.009726, 0.013923 
agent_49.plans , s1-s3, 0.257329, 0.275046, 100.000000, 0.005305, 0.012887 
agent_49.plans , s2-s3, 0.111351, 0.069595, 60.000000, 0.007073, 0.006035 

agent_5.plans , s1-s2, 0.329213, 0.149663, 36.363636, 0.010168, 0.013605 
agent_5.plans , s1-s3, 0.347027, 0.131288, 0.000000, 0.011936, 0.013887 
agent_5.plans , s2-s3, 0.106803, 0.391125, 100.000000, 0.007073, 0.006035 

agent_50.plans , s1-s2, 0.345723, 0.101671, 0.000000, 0.010610, 0.013935 
agent_50.plans , s1-s3, 0.252620, 0.326906, 100.000000, 0.005305, 0.012887 
agent_50.plans , s2-s3, 0.115018, 0.303654, 50.000000, 0.007958, 0.006062 

agent_51.plans , s1-s2, 0.344218, 0.039111, 0.000000, 0.009726, 0.013923 
agent_51.plans , s1-s3, 0.254538, 0.293906, 100.000000, 0.005305, 0.012887 
agent_51.plans , s2-s3, 0.110032, 0.165984, 60.000000, 0.007073, 0.006035 

agent_52.plans , s1-s2, 0.261927, 0.137840, 0.000000, 0.005305, 0.012887 
agent_52.plans , s1-s3, 0.261927, 0.137840, 0.000000, 0.005305, 0.012887 
agent_52.plans , s2-s3, 0.000000, 1.000000, 100.000000, 0.000000, 0.000000 

agent_53.plans , s1-s2, 0.367488, 0.000000, 0.000000, 0.010610, 0.014208 
agent_53.plans , s1-s3, 0.255450, 0.308005, 100.000000, 0.005305, 0.012887 
agent_53.plans , s2-s3, 0.134418, 0.057400, 50.000000, 0.007958, 0.006666 

agent_54.plans , s1-s2, 0.115024, 0.953527, 0.000000, 0.010610, 0.005522 
agent_54.plans , s1-s3, 0.049262, 0.979125, 100.000000, 0.004863, 0.003710 
agent_54.plans , s2-s3, 0.057103, 0.974482, 84.615385, 0.005747, 0.004090 

agent_55.plans , s1-s2, 0.363540, 0.034970, 0.000000, 0.010610, 0.014208 
agent_55.plans , s1-s3, 0.252700, 0.324500, 100.000000, 0.005305, 0.012887 
agent_55.plans , s2-s3, 0.132838, 0.139549, 50.000000, 0.007958, 0.006666 

agent_56.plans , s1-s2, 0.340444, 0.014814, 0.000000, 0.009726, 0.013923 
agent_56.plans , s1-s3, 0.258096, 0.245770, 100.000000, 0.005305, 0.012887 
agent_56.plans , s2-s3, 0.120609, 0.108746, 60.000000, 0.007073, 0.006035 

agent_57.plans , s1-s2, 0.296953, 0.033754, 0.000000, 0.008400, 0.013197 
agent_57.plans , s1-s3, 0.261378, 0.153495, 100.000000, 0.005305, 0.012887 
agent_57.plans , s2-s3, 0.063253, 0.244746, 85.714286, 0.005747, 0.004090 

agent_58.plans , s1-s2, 0.136811, 0.000000, 0.000000, 0.007958, 0.006062 
agent_58.plans , s1-s3, 0.000000, 1.000000, 100.000000, 0.000000, 0.000000 
agent_58.plans , s2-s3, 0.118196, 0.000000, 0.000000, 0.007958, 0.006062 

agent_59.plans , s1-s2, 0.341949, 0.000000, 0.000000, 0.009726, 0.013923 
agent_59.plans , s1-s3, 0.259236, 0.236689, 100.000000, 0.005305, 0.012887 
agent_59.plans , s2-s3, 0.121184, 0.068215, 60.000000, 0.007073, 0.006035 

agent_6.plans , s1-s2, 0.260763, 0.151875, 0.000000, 0.005305, 0.012887 
agent_6.plans , s1-s3, 0.260763, 0.151875, 0.000000, 0.005305, 0.012887 
agent_6.plans , s2-s3, 0.000000, 1.000000, 100.000000, 0.000000, 0.000000 

agent_60.plans , s1-s2, 0.108219, 0.974837, 100.000000, 0.010610, 0.005522 
agent_60.plans , s1-s3, 0.961186, 0.004313, 0.000000, 0.015915, 0.044917 
agent_60.plans , s2-s3, 0.908822, 0.010552, 66.666667, 0.012378, 0.044743 

agent_61.plans , s1-s2, 0.353885, 0.007566, 0.000000, 0.009284, 0.014063 
agent_61.plans , s1-s3, 0.241412, 0.319298, 100.000000, 0.003979, 0.012727 
agent_61.plans , s2-s3, 0.134739, 0.039024, 25.000000, 0.007958, 0.006666 

agent_62.plans , s1-s2, 0.262513, 0.130454, 0.000000, 0.005305, 0.012887 
agent_62.plans , s1-s3, 0.262513, 0.130454, 0.000000, 0.005305, 0.012887 
agent_62.plans , s2-s3, 0.000000, 1.000000, 100.000000, 0.000000, 0.000000 

agent_63.plans , s1-s2, 0.338212, 0.035755, 0.000000, 0.009726, 0.013923 
agent_63.plans , s1-s3, 0.256404, 0.258757, 100.000000, 0.005305, 0.012887 
agent_63.plans , s2-s3, 0.119757, 0.163336, 60.000000, 0.007073, 0.006035 

agent_64.plans , s1-s2, 0.352157, 0.000000, 0.000000, 0.010610, 0.013935 
agent_64.plans , s1-s3, 0.257329, 0.275046, 100.000000, 0.005305, 0.012887 
agent_64.plans , s2-s3, 0.117350, 0.068903, 50.000000, 0.007958, 0.006062 

agent_65.plans , s1-s2, 0.340558, 0.633620, 36.363636, 0.011052, 0.014197 
agent_65.plans , s1-s3, 0.357567, 0.619714, 0.000000, 0.012821, 0.014468 
agent_65.plans , s2-s3, 0.124123, 0.873005, 100.000000, 0.007958, 0.006666 

agent_66.plans , s1-s2, 0.346841, 0.052870, 0.000000, 0.010610, 0.013935 
agent_66.plans , s1-s3, 0.253439, 0.301048, 100.000000, 0.005305, 0.012887 
agent_66.plans , s2-s3, 0.115423, 0.197436, 50.000000, 0.007958, 0.006062 

agent_67.plans , s1-s2, 0.132715, 0.000000, 0.000000, 0.007073, 0.006035 
agent_67.plans , s1-s3, 0.000000, 1.000000, 100.000000, 0.000000, 0.000000 
agent_67.plans , s2-s3, 0.112158, 0.000000, 0.000000, 0.007073, 0.006035 

agent_68.plans , s1-s2, 0.261343, 0.144974, 0.000000, 0.005305, 0.012887 
agent_68.plans , s1-s3, 0.261343, 0.144974, 0.000000, 0.005305, 0.012887 
agent_68.plans , s2-s3, 0.000000, 1.000000, 100.000000, 0.000000, 0.000000 

agent_69.plans , s1-s2, 0.260763, 0.151875, 0.000000, 0.005305, 0.012887 
agent_69.plans , s1-s3, 0.260763, 0.151875, 0.000000, 0.005305, 0.012887 
agent_69.plans , s2-s3, 0.000000, 1.000000, 100.000000, 0.000000, 0.000000 

agent_7.plans , s1-s2, 0.344218, 0.039111, 0.000000, 0.009726, 0.013923 
agent_7.plans , s1-s3, 0.254538, 0.293906, 100.000000, 0.005305, 0.012887 
agent_7.plans , s2-s3, 0.110032, 0.165984, 60.000000, 0.007073, 0.006035 

agent_70.plans , s1-s2, 0.126512, 0.000000, 0.000000, 0.010610, 0.005522 
agent_70.plans , s1-s3, 0.054185, 0.594382, 100.000000, 0.004863, 0.003710 
agent_70.plans , s2-s3, 0.062874, 0.442611, 84.615385, 0.005747, 0.004090 

agent_71.plans , s1-s2, 0.363540, 0.034970, 0.000000, 0.010610, 0.014208 
agent_71.plans , s1-s3, 0.252700, 0.324500, 100.000000, 0.005305, 0.012887 
agent_71.plans , s2-s3, 0.132838, 0.139549, 50.000000, 0.007958, 0.006666 

agent_72.plans , s1-s2, 0.298949, 0.000000, 0.000000, 0.008400, 0.013197 
agent_72.plans , s1-s3, 0.263136, 0.132247, 100.000000, 0.005305, 0.012887 
agent_72.plans , s2-s3, 0.063713, 0.139710, 85.714286, 0.005747, 0.004090 

agent_73.plans , s1-s2, 0.362761, 0.041494, 0.000000, 0.010610, 0.014208 
agent_73.plans , s1-s3, 0.252157, 0.327667, 100.000000, 0.005305, 0.012887 
agent_73.plans , s2-s3, 0.132526, 0.154271, 50.000000, 0.007958, 0.006666 

agent_74.plans , s1-s2, 0.345351, 0.066285, 0.000000, 0.010610, 0.013935 
agent_74.plans , s1-s3, 0.252349, 0.307981, 100.000000, 0.005305, 0.012887 
agent_74.plans , s2-s3, 0.114883, 0.227810, 50.000000, 0.007958, 0.006062 

agent_75.plans , s1-s2, 0.363540, 0.034970, 0.000000, 0.010610, 0.014208 
agent_75.plans , s1-s3, 0.252700, 0.324500, 100.000000, 0.005305, 0.012887 
agent_75.plans , s2-s3, 0.132838, 0.139549, 50.000000, 0.007958, 0.006666 

agent_76.plans , s1-s2, 0.344611, 0.072756, 0.000000, 0.010610, 0.013935 
agent_76.plans , s1-s3, 0.251807, 0.311373, 100.000000, 0.005305, 0.012887 
agent_76.plans , s2-s3, 0.114616, 0.242141, 50.000000, 0.007958, 0.006062 

agent_77.plans , s1-s2, 0.074053, 0.000000, 0.000000, 0.005747, 0.004090 
agent_77.plans , s1-s3, 0.000000, 1.000000, 100.000000, 0.000000, 0.000000 
agent_77.plans , s2-s3, 0.064180, 0.000000, 0.000000, 0.005747, 0.004090 

agent_78.plans , s1-s2, 0.348343, 0.038770, 0.000000, 0.010610, 0.013935 
agent_78.plans , s1-s3, 0.254538, 0.293906, 100.000000, 0.005305, 0.012887 
agent_78.plans , s2-s3, 0.115967, 0.164537, 50.000000, 0.007958, 0.006062 

agent_79.plans , s1-s2, 0.101763, 0.000000, 0.000000, 0.003979, 0.005559 
agent_79.plans , s1-s3, 0.000000, 1.000000, 100.000000, 0.000000, 0.000000 
agent_79.plans , s2-s3, 0.091895, 0.000000, 0.000000, 0.003979, 0.005559 

agent_8.plans , s1-s2, 0.332654, 0.033169, 0.000000, 0.009726, 0.013738 
agent_8.plans , s1-s3, 0.256965, 0.254508, 100.000000, 0.005305, 0.012887 
agent_8.plans , s2-s3, 0.102218, 0.167245, 60.000000, 0.007073, 0.005595 

agent_80.plans , s1-s2, 0.338212, 0.035755, 0.000000, 0.009726, 0.013923 
agent_80.plans , s1-s3, 0.256404, 0.258757, 100.000000, 0.005305, 0.012887 
agent_80.plans , s2-s3, 0.119757, 0.163336, 60.000000, 0.007073, 0.006035 

agent_81.plans , s1-s2, 0.338212, 0.035755, 0.000000, 0.009726, 0.013923 
agent_81.plans , s1-s3, 0.256404, 0.258757, 100.000000, 0.005305, 0.012887 
agent_81.plans , s2-s3, 0.119757, 0.163336, 60.000000, 0.007073, 0.006035 

agent_82.plans , s1-s2, 0.307228, 0.125334, 0.000000, 0.009726, 0.013473 
agent_82.plans , s1-s3, 0.280107, 0.191655, 66.666667, 0.007073, 0.013239 
agent_82.plans , s2-s3, 0.061156, 0.604217, 100.000000, 0.005747, 0.004090 

agent_83.plans , s1-s2, 0.335644, 0.095295, 0.000000, 0.009726, 0.013923 
agent_83.plans , s1-s3, 0.254458, 0.296639, 100.000000, 0.005305, 0.012887 
agent_83.plans , s2-s3, 0.118778, 0.302422, 60.000000, 0.007073, 0.006035 

agent_84.plans , s1-s2, 0.347222, 0.008283, 0.000000, 0.009726, 0.013923 
agent_84.plans , s1-s3, 0.256766, 0.278941, 100.000000, 0.005305, 0.012887 
agent_84.plans , s2-s3, 0.111085, 0.090648, 60.000000, 0.007073, 0.006035 

agent_85.plans , s1-s2, 0.343476, 0.046304, 0.000000, 0.009726, 0.013923 
agent_85.plans , s1-s3, 0.253987, 0.297504, 100.000000, 0.005305, 0.012887 
agent_85.plans , s2-s3, 0.109772, 0.182878, 60.000000, 0.007073, 0.006035 

agent_86.plans , s1-s2, 0.000000, 1.000000, nan, 0.000000, 0.000000 
agent_86.plans , s1-s3, 0.000000, 1.000000, nan, 0.000000, 0.000000 
agent_86.plans , s2-s3, 0.000000, 1.000000, nan, 0.000000, 0.000000 

agent_87.plans , s1-s2, 0.261343, 0.144974, 0.000000, 0.005305, 0.012887 
agent_87.plans , s1-s3, 0.261343, 0.144974, 0.000000, 0.005305, 0.012887 
agent_87.plans , s2-s3, 0.000000, 1.000000, 100.000000, 0.000000, 0.000000 

agent_88.plans , s1-s2, 0.348343, 0.038770, 0.000000, 0.010610, 0.013935 
agent_88.plans , s1-s3, 0.254538, 0.293906, 100.000000, 0.005305, 0.012887 
agent_88.plans , s2-s3, 0.115967, 0.164537, 50.000000, 0.007958, 0.006062 

agent_89.plans , s1-s2, 0.347591, 0.045910, 0.000000, 0.010610, 0.013935 
agent_89.plans , s1-s3, 0.253987, 0.297504, 100.000000, 0.005305, 0.012887 
agent_89.plans , s2-s3, 0.115694, 0.181322, 50.000000, 0.007958, 0.006062 

agent_9.plans , s1-s2, 0.457669, 0.000000, 0.000000, 0.015473, 0.014089 
agent_9.plans , s1-s3, 0.394561, 0.159198, 59.090909, 0.009726, 0.013482 
agent_9.plans , s2-s3, 0.061911, 0.596076, 100.000000, 0.005747, 0.004090 

agent_90.plans , s1-s2, 0.346466, 0.016322, 0.000000, 0.009726, 0.013923 
agent_90.plans , s1-s3, 0.256206, 0.282772, 100.000000, 0.005305, 0.012887 
agent_90.plans , s2-s3, 0.110820, 0.110753, 60.000000, 0.007073, 0.006035 

agent_91.plans , s1-s2, 0.330486, 0.055600, 0.000000, 0.009726, 0.013738 
agent_91.plans , s1-s3, 0.255288, 0.267028, 100.000000, 0.005305, 0.012887 
agent_91.plans , s2-s3, 0.101495, 0.222823, 60.000000, 0.007073, 0.005595 

agent_92.plans , s1-s2, 0.340558, 0.633620, 36.363636, 0.011052, 0.014197 
agent_92.plans , s1-s3, 0.357567, 0.619714, 0.000000, 0.012821, 0.014468 
agent_92.plans , s2-s3, 0.124123, 0.873005, 100.000000, 0.007958, 0.006666 

agent_93.plans , s1-s2, 0.073457, 0.326876, 0.000000, 0.005747, 0.004090 
agent_93.plans , s1-s3, 0.000000, 1.000000, 100.000000, 0.000000, 0.000000 
agent_93.plans , s2-s3, 0.063658, 0.326876, 0.000000, 0.005747, 0.004090 

agent_94.plans , s1-s2, 0.333384, 0.025254, 0.000000, 0.009726, 0.013738 
agent_94.plans , s1-s3, 0.257529, 0.250180, 100.000000, 0.005305, 0.012887 
agent_94.plans , s2-s3, 0.102462, 0.146893, 60.000000, 0.007073, 0.005595 

agent_95.plans , s1-s2, 0.335644, 0.095295, 0.000000, 0.009726, 0.013923 
agent_95.plans , s1-s3, 0.254458, 0.296639, 100.000000, 0.005305, 0.012887 
agent_95.plans , s2-s3, 0.118778, 0.302422, 60.000000, 0.007073, 0.006035 

agent_96.plans , s1-s2, 0.335644, 0.095295, 0.000000, 0.009726, 0.013923 
agent_96.plans , s1-s3, 0.254458, 0.296639, 100.000000, 0.005305, 0.012887 
agent_96.plans , s2-s3, 0.118778, 0.302422, 60.000000, 0.007073, 0.006035 

agent_97.plans , s1-s2, 0.347981, 0.000000, 0.000000, 0.009726, 0.013923 
agent_97.plans , s1-s3, 0.257329, 0.275046, 100.000000, 0.005305, 0.012887 
agent_97.plans , s2-s3, 0.111351, 0.069595, 60.000000, 0.007073, 0.006035 

agent_98.plans , s1-s2, 0.367488, 0.000000, 0.000000, 0.010610, 0.014208 
agent_98.plans , s1-s3, 0.255450, 0.308005, 100.000000, 0.005305, 0.012887 
agent_98.plans , s2-s3, 0.134418, 0.057400, 50.000000, 0.007958, 0.006666 

agent_99.plans , s1-s2, 0.170239, 0.551563, 0.000000, 0.011936, 0.007084 
agent_99.plans , s1-s3, 0.052167, 0.876770, 100.000000, 0.004863, 0.003710 
agent_99.plans , s2-s3, 0.116967, 0.672662, 68.750000, 0.007073, 0.006035 

